-0.474987663134683,1.14947221701847,-1
-0.475087663134683,1.14967163147703,-1
-0.475187663134683,1.14987106714332,-1
-0.475287663134683,1.15007051116623,-1
-0.475387663134683,1.1502699757663,-1
-0.475487663134683,1.15046945558227,-1
-0.475587663134683,1.15066895397811,-1
-0.475687663134683,1.15086846301298,-1
-0.475787663134683,1.15106796409418,-1
-0.475887663134683,1.15126752719219,-1
-0.475987663134683,1.15146709378436,-1
-0.476087663134683,1.15166667185369,-1
-0.476187663134683,1.15186626528212,-1
-0.476287663134683,1.15206587907422,-1
-0.476387663134683,1.15226549903582,-1
-0.476487663134683,1.15246514352181,-1
-0.476587663134683,1.15266480003739,-1
-0.476687663134683,1.15286446646041,-1
-0.476787663134683,1.15306416597972,-1
-0.476887663134683,1.15326387384425,-1
-0.476987663134683,1.15346359754572,-1
-0.477087663134683,1.15366333131252,-1
-0.477187663134683,1.15386308117955,-1
-0.477287663134683,1.1540628590153,-1
-0.477387663134683,1.15426264637141,-1
-0.477487663134683,1.15446244626419,-1
-0.477587663134683,1.15466226701463,-1
-0.477687663134683,1.15486210028979,-1
-0.477787663134683,1.15506194162679,-1
-0.477887663134683,1.15526180663913,-1
-0.477987663134683,1.15546170551808,-1
-0.478087663134683,1.15566160325587,-1
-0.478187663134683,1.15586151678018,-1
-0.478287663134683,1.15606143886045,-1
-0.478387663134683,1.15626139434151,-1
-0.478487663134683,1.15646133720729,-1
-0.478587663134683,1.15666132439096,-1
-0.478687663134683,1.15686133451926,-1
-0.478787663134683,1.15706134598587,-1
-0.478887663134683,1.1572613724727,-1
-0.478987663134683,1.15746141201425,-1
-0.479087663134683,1.15766147001695,-1
-0.479187663134683,1.15786152889995,-1
-0.479287663134683,1.15806163604835,-1
-0.479387663134683,1.15826174169657,-1
-0.479487663134683,1.15846185627275,-1
-0.479587663134683,1.15866199831911,-1
-0.479687663134683,1.15886210031382,-1
-0.479787663134683,1.15906232822023,-1
-0.479887663134683,1.15926251218354,-1
-0.479987663134683,1.15946271441599,-1
-0.480087663134683,1.15966293175298,-1
-0.480187663134683,1.15986315881149,-1
-0.480287663134683,1.16006341435355,-1
-0.480387663134683,1.16026367474029,-1
-0.480487663134683,1.16046395866939,-1
-0.480587663134683,1.16066425506929,-1
-0.480687663134683,1.1608645617178,-1
-0.480787663134683,1.16106489678745,-1
-0.480887663134683,1.16126524280233,-1
-0.480987663134683,1.16146560210207,-1
-0.481087663134683,1.16166597358576,-1
-0.481187663134683,1.16186636459443,-1
-0.481287663134683,1.16206677102426,-1
-0.481387663134683,1.16226719481384,-1
-0.481487663134683,1.16246759314787,-1
-0.481587663134683,1.16266807290996,-1
-0.481687663134683,1.16286855395881,-1
-0.481787663134683,1.16306903833675,-1
-0.481887663134683,1.16326953780468,-1
-0.481987663134683,1.16347005275075,-1
-0.482087663134683,1.1636705877799,-1
-0.482187663134683,1.16387113375212,-1
-0.482287663134683,1.16407169671376,-1
-0.482387663134683,1.16427227917997,-1
-0.482487663134683,1.16447283056934,-1
-0.482587663134683,1.16467345238928,-1
-0.482687663134683,1.16487409974524,-1
-0.482787663134683,1.16507474682503,-1
-0.482887663134683,1.16527538963917,-1
-0.482987663134683,1.16547607789677,-1
-0.483087663134683,1.16567676212113,-1
-0.483187663134683,1.16587746485085,-1
-0.483287663134683,1.16607816247094,-1
-0.483387663134683,1.16627891659136,-1
-0.483487663134683,1.16647963429778,-1
-0.483587663134683,1.16668043253826,-1
-0.483687663134683,1.16688121347212,-1
-0.483787663134683,1.16708200809237,-1
-0.483887663134683,1.16728281711086,-1
-0.483987663134683,1.1674836337917,-1
-0.484087663134683,1.16768446509152,-1
-0.484187663134683,1.16788534019208,-1
-0.484287663134683,1.16808619914136,-1
-0.484387663134683,1.16828709517369,-1
-0.484487663134683,1.16848798660236,-1
-0.484587663134683,1.16868889515044,-1
-0.484687663134683,1.16888986077918,-1
-0.484787663134683,1.16909078961944,-1
-0.484887663134683,1.16929176127577,-1
-0.484987663134683,1.16949273835507,-1
-0.485087663134683,1.16969366965501,-1
-0.485187663134683,1.16989474306865,-1
-0.485287663134683,1.17009579119943,-1
-0.485387663134683,1.17029683270367,-1
-0.485487663134683,1.17049788336849,-1
-0.485587663134683,1.17069894254698,-1
-0.485687663134683,1.1709000281613,-1
-0.485787663134683,1.17110113120947,-1
-0.485887663134683,1.17130226135737,-1
-0.485987663134683,1.17150339864931,-1
-0.486087663134683,1.1717045525134,-1
-0.486187663134683,1.17190568123196,-1
-0.486287663134683,1.1721068482336,-1
-0.486387663134683,1.17230806060694,-1
-0.486487663134683,1.17250928326375,-1
-0.486587663134683,1.1727104349687,-1
-0.486687663134683,1.17291173662373,-1
-0.486787663134683,1.1731129907382,-1
-0.486887663134683,1.17331426790257,-1
-0.486987663134683,1.17351552453274,-1
-0.487087663134683,1.17371683704504,-1
-0.487187663134683,1.17391816607163,-1
-0.487287663134683,1.17411946429948,-1
-0.487387663134683,1.17432080901715,-1
-0.487487663134683,1.17452220272218,-1
-0.487587663134683,1.17472355927958,-1
-0.487687663134683,1.17492495588941,-1
-0.487787663134683,1.17512636700104,-1
-0.487887663134683,1.17532778015156,-1
-0.487987663134683,1.17552922756635,-1
-0.488087663134683,1.17573067536984,-1
-0.488187663134683,1.17593210077133,-1
-0.488287663134683,1.1761335833034,-1
-0.488387663134683,1.17633511109549,-1
-0.488487663134683,1.17653661737508,-1
-0.488587663134683,1.17673811810389,-1
-0.488687663134683,1.17693964866787,-1
-0.488787663134683,1.17714123233785,-1
-0.488887663134683,1.17734279862006,-1
-0.488987663134683,1.17754437762485,-1
-0.489087663134683,1.17774597545493,-1
-0.489187663134683,1.17794756802956,-1
-0.489287663134683,1.17814919263614,-1
-0.489387663134683,1.17835084055602,-1
-0.489487663134683,1.17855249536612,-1
-0.489587663134683,1.17875416621531,-1
-0.489687663134683,1.17895585450542,-1
-0.489787663134683,1.17915756895306,-1
-0.489887663134683,1.17935929818758,-1
-0.489987663134683,1.17956101549939,-1
-0.490087663134683,1.17976276456099,-1
-0.490187663134683,1.17996452337942,-1
-0.490287663134683,1.18016630929135,-1
-0.490387663134683,1.18036809762155,-1
-0.490487663134683,1.1805698767741,-1
-0.490587663134683,1.18077171335491,-1
-0.490687663134683,1.18097352862283,-1
-0.490787663134683,1.18117537645059,-1
-0.490887663134683,1.18137724231409,-1
-0.490987663134683,1.18157912707265,-1
-0.491087663134683,1.18178102732916,-1
-0.491187663134683,1.1819829152245,-1
-0.491287663134683,1.18218483621733,-1
-0.491387663134683,1.18238677723701,-1
-0.491487663134683,1.1825887291906,-1
-0.491587663134683,1.18279068966366,-1
-0.491687663134683,1.18299268318066,-1
-0.491787663134683,1.1831946605854,-1
-0.491887663134683,1.18339666760163,-1
-0.491987663134683,1.18359869087567,-1
-0.492087663134683,1.18380074465408,-1
-0.492187663134683,1.18400277866311,-1
-0.492287663134683,1.18420484555007,-1
-0.492387663134683,1.18440693008772,-1
-0.492487663134683,1.1846090313735,-1
-0.492587663134683,1.18481112812702,-1
-0.492687663134683,1.18501326230021,-1
-0.492787663134683,1.18521538972839,-1
-0.492887663134683,1.18541754224253,-1
-0.492987663134683,1.18561972974367,-1
-0.493087663134683,1.18582189243763,-1
-0.493187663134683,1.18602408908189,-1
-0.493287663134683,1.18622629604582,-1
-0.493387663134683,1.18642852173176,-1
-0.493487663134683,1.18663075486105,-1
-0.493587663134683,1.18683300724828,-1
-0.493687663134683,1.18703527366136,-1
-0.493787663134683,1.18723755449284,-1
-0.493887663134683,1.18743985235657,-1
-0.493987663134683,1.18764215782174,-1
-0.494087663134683,1.18784450057974,-1
-0.494187663134683,1.18804681902574,-1
-0.494287663134683,1.18824917036527,-1
-0.494387663134683,1.188451535062,-1
-0.494487663134683,1.18865393361313,-1
-0.494587663134683,1.18885632226781,-1
-0.494687663134683,1.18905870607338,-1
-0.494787663134683,1.18926111994603,-1
-0.494887663134683,1.18946357471171,-1
-0.494987663134683,1.18966602431238,-1
-0.495087663134683,1.18986848719558,-1
-0.495187663134683,1.19007096513751,-1
-0.495287663134683,1.19027345530753,-1
-0.495387663134683,1.19047596456272,-1
-0.495487663134683,1.19067848290919,-1
-0.495587663134683,1.19088103141678,-1
-0.495687663134683,1.19108357045376,-1
-0.495787663134683,1.19128613194321,-1
-0.495887663134683,1.19148870862247,-1
-0.495987663134683,1.19169127583891,-1
-0.496087663134683,1.19189385739445,-1
-0.496187663134683,1.19209647876289,-1
-0.496287663134683,1.19229911962106,-1
-0.496387663134683,1.19250179525157,-1
-0.496487663134683,1.19270444645515,-1
-0.496587663134683,1.19290711854256,-1
-0.496687663134683,1.19310980842273,-1
-0.496787663134683,1.19331250544724,-1
-0.496887663134683,1.19351521939293,-1
-0.496987663134683,1.1937179477585,-1
-0.497087663134683,1.19392070167917,-1
-0.497187663134683,1.19412344951314,-1
-0.497287663134683,1.19432621825183,-1
-0.497387663134683,1.19452900600515,-1
-0.497487663134683,1.19473179744199,-1
-0.497587663134683,1.19493460925645,-1
-0.497687663134683,1.19513743012398,-1
-0.497787663134683,1.19534026922506,-1
-0.497887663134683,1.19554311940666,-1
-0.497987663134683,1.19574598455494,-1
-0.498087663134683,1.19594886504997,-1
-0.498187663134683,1.19615175250183,-1
-0.498287663134683,1.19635466012078,-1
-0.498387663134683,1.1965575753868,-1
-0.498487663134683,1.19676050943126,-1
-0.498587663134683,1.19696345639424,-1
-0.498687663134683,1.19716639356283,-1
-0.498787663134683,1.19736938135433,-1
-0.498887663134683,1.19757236793412,-1
-0.498987663134683,1.197775372503,-1
-0.499087663134683,1.19797838544558,-1
-0.499187663134683,1.19818140387095,-1
-0.499287663134683,1.19838445251575,-1
-0.499387663134683,1.19858750559827,-1
-0.499487663134683,1.19879057222304,-1
-0.499587663134683,1.1989936510326,-1
-0.499687663134683,1.19919674524579,-1
-0.499787663134683,1.1993998520783,-1
-0.499887663134683,1.19960295789659,-1
-0.499987663134683,1.19980608653476,-1
-0.500087663134683,1.20000924934059,-1
-0.500187663134683,1.20021239294106,-1
-0.500287663134683,1.20041558565782,-1
-0.500387663134683,1.20061877206089,-1
-0.500487663134683,1.20082197081787,-1
-0.500587663134683,1.20102516831004,-1
-0.500687663134683,1.20122840928936,-1
-0.500787663134683,1.20143164881237,-1
-0.500887663134683,1.20163490297185,-1
-0.500987663134683,1.20183816455383,-1
-0.501087663134683,1.20204144566952,-1
-0.501187663134683,1.20224473627601,-1
-0.501287663134683,1.20244804244743,-1
-0.501387663134683,1.2026513599058,-1
-0.501487663134683,1.20285469042188,-1
-0.501587663134683,1.20305798366557,-1
-0.501687663134683,1.20326139085223,-1
-0.501787663134683,1.20346475215696,-1
-0.501887663134683,1.20366812735293,-1
-0.501987663134683,1.20387150097933,-1
-0.502087663134683,1.20407494937085,-1
-0.502187663134683,1.20427837075441,-1
-0.502287663134683,1.20448176694864,-1
-0.502387663134683,1.2046852385857,-1
-0.502487663134683,1.20488867658453,-1
-0.502587663134683,1.20509218806085,-1
-0.502687663134683,1.20529564927449,-1
-0.502787663134683,1.20549917364989,-1
-0.502887663134683,1.20570268650996,-1
-0.502987663134683,1.20590621072762,-1
-0.503087663134683,1.20610974826153,-1
-0.503187663134683,1.20631329977864,-1
-0.503287663134683,1.20651685307404,-1
-0.503387663134683,1.20672044325792,-1
-0.503487663134683,1.20692402807326,-1
-0.503587663134683,1.20712762084318,-1
-0.503687663134683,1.20733122989997,-1
-0.503787663134683,1.20753484258945,-1
-0.503887663134683,1.20773846061576,-1
-0.503987663134683,1.20794215683476,-1
-0.504087663134683,1.20814581431378,-1
-0.504187663134683,1.20834945409915,-1
-0.504287663134683,1.2085531726848,-1
-0.504387663134683,1.20875689731983,-1
-0.504487663134683,1.20896056376801,-1
-0.504587663134683,1.20916429142109,-1
-0.504687663134683,1.20936803034898,-1
-0.504787663134683,1.20957183360186,-1
-0.504887663134683,1.20977556909379,-1
-0.504987663134683,1.2099793535121,-1
-0.505087663134683,1.2101831431396,-1
-0.505187663134683,1.21038695061187,-1
-0.505287663134683,1.21059078429987,-1
-0.505387663134683,1.21079461263876,-1
-0.505487663134683,1.21099845218859,-1
-0.505587663134683,1.21120230327866,-1
-0.505687663134683,1.21140614949194,-1
-0.505787663134683,1.21161003083195,-1
-0.505887663134683,1.21181393405562,-1
-0.505987663134683,1.21201783560289,-1
-0.506087663134683,1.21222174176398,-1
-0.506187663134683,1.21242567740834,-1
-0.506287663134683,1.21262961604576,-1
-0.506387663134683,1.21283355223778,-1
-0.506487663134683,1.2130375078895,-1
-0.506587663134683,1.21324150263779,-1
-0.506687663134683,1.21344548313044,-1
-0.506787663134683,1.21364948454215,-1
-0.506887663134683,1.21385347152136,-1
-0.506987663134683,1.21405751328946,-1
-0.507087663134683,1.21426155887625,-1
-0.507187663134683,1.21446559831461,-1
-0.507287663134683,1.21466966591717,-1
-0.507387663134683,1.21487373273732,-1
-0.507487663134683,1.21507781187123,-1
-0.507587663134683,1.21528191220984,-1
-0.507687663134683,1.21548602712678,-1
-0.507787663134683,1.21569013712894,-1
-0.507887663134683,1.21589427653992,-1
-0.507987663134683,1.2160984236092,-1
-0.508087663134683,1.21630257594725,-1
-0.508187663134683,1.21650672360443,-1
-0.508287663134683,1.21671091805114,-1
-0.508387663134683,1.21691509678589,-1
-0.508487663134683,1.21711930272111,-1
-0.508587663134683,1.21732351819831,-1
-0.508687663134683,1.21752775805795,-1
-0.508787663134683,1.21773200222097,-1
-0.508887663134683,1.21793625056094,-1
-0.508987663134683,1.21814050546105,-1
-0.509087663134683,1.21834478507986,-1
-0.509187663134683,1.21854907497418,-1
-0.509287663134683,1.21875337491104,-1
-0.509387663134683,1.21895768375882,-1
-0.509487663134683,1.21916200482869,-1
-0.509587663134683,1.21936632541492,-1
-0.509687663134683,1.21957068280977,-1
-0.509787663134683,1.21977503920044,-1
-0.509887663134683,1.2199794085374,-1
-0.509987663134683,1.22018379293696,-1
-0.510087663134683,1.22038816522773,-1
-0.510187663134683,1.22059257673845,-1
-0.510287663134683,1.22079699995609,-1
-0.510387663134683,1.22100142023316,-1
-0.510487663134683,1.22120585528978,-1
-0.510587663134683,1.22141030551052,-1
-0.510687663134683,1.22161476327994,-1
-0.510787663134683,1.22181923726362,-1
-0.510887663134683,1.22202371120398,-1
-0.510987663134683,1.22222820606743,-1
-0.511087663134683,1.22243271812989,-1
-0.511187663134683,1.22263722950203,-1
-0.511287663134683,1.22284176457806,-1
-0.511387663134683,1.22304629960998,-1
-0.511487663134683,1.22325084020342,-1
-0.511587663134683,1.2234554179929,-1
-0.511687663134683,1.22365998883413,-1
-0.511787663134683,1.22386457614998,-1
-0.511887663134683,1.22406917147258,-1
-0.511987663134683,1.22427377362306,-1
-0.512087663134683,1.22447839654373,-1
-0.512187663134683,1.22468301828006,-1
-0.512287663134683,1.22488766052908,-1
-0.512387663134683,1.22509231298305,-1
-0.512487663134683,1.22529697622894,-1
-0.512587663134683,1.22550164949616,-1
-0.512687663134683,1.22570633237232,-1
-0.512787663134683,1.22591102558987,-1
-0.512887663134683,1.22611572172224,-1
-0.512987663134683,1.22632046053496,-1
-0.513087663134683,1.22652519304234,-1
-0.513187663134683,1.2267299275309,-1
-0.513287663134683,1.22693468208379,-1
-0.513387663134683,1.22713943167656,-1
-0.513487663134683,1.22734421011392,-1
-0.513587663134683,1.22754898629652,-1
-0.513687663134683,1.22775378906267,-1
-0.513787663134683,1.22795860139487,-1
-0.513887663134683,1.22816341927691,-1
-0.513987663134683,1.22836823848247,-1
-0.514087663134683,1.22857308316878,-1
-0.514187663134683,1.22877792867983,-1
-0.514287663134683,1.22898278356009,-1
-0.514387663134683,1.22918766118786,-1
-0.514487663134683,1.22939254219644,-1
-0.514587663134683,1.22959743364306,-1
-0.514687663134683,1.22980234074205,-1
-0.514787663134683,1.23000725583517,-1
-0.514887663134683,1.23021217413691,-1
-0.514987663134683,1.23041710050739,-1
-0.515087663134683,1.23062202932119,-1
-0.515187663134683,1.23082701186485,-1
-0.515287663134683,1.23103198226614,-1
-0.515387663134683,1.23123694905437,-1
-0.515487663134683,1.23144193617289,-1
-0.515587663134683,1.23164693728417,-1
-0.515687663134683,1.23185194633318,-1
-0.515787663134683,1.23205694545828,-1
-0.515887663134683,1.23226198893111,-1
-0.515987663134683,1.23246703248206,-1
-0.516087663134683,1.23267208187212,-1
-0.516187663134683,1.2328771399976,-1
-0.516287663134683,1.23308220892128,-1
-0.516387663134683,1.23328728332279,-1
-0.516487663134683,1.23349238422009,-1
-0.516587663134683,1.23369748852166,-1
-0.516687663134683,1.23390259264119,-1
-0.516787663134683,1.23410771698261,-1
-0.516887663134683,1.23431284896094,-1
-0.516987663134683,1.23451799563378,-1
-0.517087663134683,1.23472314552075,-1
-0.517187663134683,1.23492829810299,-1
-0.517287663134683,1.23513347533639,-1
-0.517387663134683,1.23533864617642,-1
-0.517487663134683,1.23554385289916,-1
-0.517587663134683,1.23574905748439,-1
-0.517687663134683,1.23595427331591,-1
-0.517787663134683,1.23615950078205,-1
-0.517887663134683,1.23636472565225,-1
-0.517987663134683,1.23656997043948,-1
-0.518087663134683,1.23677522445324,-1
-0.518187663134683,1.23698048682254,-1
-0.518287663134683,1.2371857622677,-1
-0.518387663134683,1.2373910450425,-1
-0.518487663134683,1.23759633342441,-1
-0.518587663134683,1.23780163480201,-1
-0.518687663134683,1.23800694655316,-1
-0.518787663134683,1.23821227051458,-1
-0.518887663134683,1.23841757788872,-1
-0.518987663134683,1.23862294923952,-1
-0.519087663134683,1.23882830208243,-1
-0.519187663134683,1.23903365845473,-1
-0.519287663134683,1.23923902860406,-1
-0.519387663134683,1.2394444085712,-1
-0.519487663134683,1.23964979529759,-1
-0.519587663134683,1.23985520152233,-1
-0.519687663134683,1.24006059967427,-1
-0.519787663134683,1.24026603225103,-1
-0.519887663134683,1.24047145744005,-1
-0.519987663134683,1.24067690218338,-1
-0.520087663134683,1.24088234808389,-1
-0.520187663134683,1.24108776706973,-1
-0.520287663134683,1.24129327178915,-1
-0.520387663134683,1.24149874945075,-1
-0.520487663134683,1.24170423827058,-1
-0.520587663134683,1.2419097307496,-1
-0.520687663134683,1.24211523849956,-1
-0.520787663134683,1.24232074951555,-1
-0.520887663134683,1.24252624029414,-1
-0.520987663134683,1.24273180729467,-1
-0.521087663134683,1.24293734989529,-1
-0.521187663134683,1.24314289800058,-1
-0.521287663134683,1.24334845622791,-1
-0.521387663134683,1.24355402649872,-1
-0.521487663134683,1.24375961198265,-1
-0.521587663134683,1.24396519649929,-1
-0.521687663134683,1.24417079572625,-1
-0.521787663134683,1.24437640671303,-1
-0.521887663134683,1.24458202257213,-1
-0.521987663134683,1.24478764003947,-1
-0.522087663134683,1.24499327407309,-1
-0.522187663134683,1.24519892626126,-1
-0.522287663134683,1.24540457794735,-1
-0.522387663134683,1.24561023997483,-1
-0.522487663134683,1.24581590952684,-1
-0.522587663134683,1.246021569087,-1
-0.522687663134683,1.24622728025816,-1
-0.522787663134683,1.24643297723297,-1
-0.522887663134683,1.24663866289071,-1
-0.522987663134683,1.24684439595679,-1
-0.523087663134683,1.24705011868815,-1
-0.523187663134683,1.24725583155345,-1
-0.523287663134683,1.24746159796533,-1
-0.523387663134683,1.24766734606611,-1
-0.523487663134683,1.24787310744688,-1
-0.523587663134683,1.24807887456208,-1
-0.523687663134683,1.24828465192419,-1
-0.523787663134683,1.24849043422683,-1
-0.523887663134683,1.24869622847528,-1
-0.523987663134683,1.24890201258766,-1
-0.524087663134683,1.24910784830586,-1
-0.524187663134683,1.24931366657851,-1
-0.524287663134683,1.2495194243109,-1
-0.524387663134683,1.24972533038178,-1
-0.524487663134683,1.24993118044134,-1
-0.524587663134683,1.25013696313781,-1
-0.524687663134683,1.25034289501229,-1
-0.524787663134683,1.25054876643868,-1
-0.524887663134683,1.25075464902527,-1
-0.524987663134683,1.2509605384164,-1
-0.525087663134683,1.25116642487545,-1
-0.525187663134683,1.2513723328967,-1
-0.525287663134683,1.2515782551242,-1
-0.525387663134683,1.25178415979072,-1
-0.525487663134683,1.25199010751386,-1
-0.525587663134683,1.25219601760131,-1
-0.525687663134683,1.25240198971661,-1
-0.525787663134683,1.25260790518941,-1
-0.525887663134683,1.25281390984224,-1
-0.525987663134683,1.25301987545463,-1
-0.526087663134683,1.25322586093976,-1
-0.526187663134683,1.25343182889995,-1
-0.526287663134683,1.25363784311204,-1
-0.526387663134683,1.25384385095519,-1
-0.526487663134683,1.25404985419749,-1
-0.526587663134683,1.25425588250333,-1
-0.526687663134683,1.25446191204638,-1
-0.526787663134683,1.25466793563502,-1
-0.526887663134683,1.25487399575843,-1
-0.526987663134683,1.2550800462078,-1
-0.527087663134683,1.25528610164236,-1
-0.527187663134683,1.25549214968443,-1
-0.527287663134683,1.25569824918757,-1
-0.527387663134683,1.25590427858371,-1
-0.527487663134683,1.25611041109918,-1
-0.527587663134683,1.25631652613715,-1
-0.527687663134683,1.25652263522877,-1
-0.527787663134683,1.25672873250917,-1
-0.527887663134683,1.25693487209645,-1
-0.527987663134683,1.25714100355934,-1
-0.528087663134683,1.25734712105236,-1
-0.528187663134683,1.2575532854006,-1
-0.528287663134683,1.25775944218854,-1
-0.528387663134683,1.25796560088458,-1
-0.528487663134683,1.25817170970966,-1
-0.528587663134683,1.25837794963323,-1
-0.528687663134683,1.25858412743393,-1
-0.528787663134683,1.25879032420046,-1
-0.528887663134683,1.25899652614597,-1
-0.528987663134683,1.25920273039955,-1
-0.529087663134683,1.25940894072799,-1
-0.529187663134683,1.25961514613292,-1
-0.529287663134683,1.25982139708063,-1
-0.529387663134683,1.26002763323136,-1
-0.529487663134683,1.26023387846641,-1
-0.529587663134683,1.26044007348962,-1
-0.529687663134683,1.26064638269957,-1
-0.529787663134683,1.2608526279665,-1
-0.529887663134683,1.26105888041934,-1
-0.529987663134683,1.26126517481855,-1
-0.530087663134683,1.26147149716468,-1
-0.530187663134683,1.26167777871144,-1
-0.530287663134683,1.26188408746172,-1
-0.530387663134683,1.2620903815947,-1
-0.530487663134683,1.26229671433986,-1
-0.530587663134683,1.26250303074718,-1
-0.530687663134683,1.26270936808746,-1
-0.530787663134683,1.26291568110734,-1
-0.530887663134683,1.26312205249254,-1
-0.530987663134683,1.26332836507253,-1
-0.531087663134683,1.26353473354364,-1
-0.531187663134683,1.2637411297673,-1
-0.531287663134683,1.26394750101812,-1
-0.531387663134683,1.26415387963313,-1
-0.531487663134683,1.26436025363632,-1
-0.531587663134683,1.26456664834828,-1
-0.531687663134683,1.26477306130554,-1
-0.531787663134683,1.26497946659126,-1
-0.531887663134683,1.26518582001153,-1
-0.531987663134683,1.2653922778085,-1
-0.532087663134683,1.26559872647393,-1
-0.532187663134683,1.26580514351413,-1
-0.532287663134683,1.26601160283383,-1
-0.532387663134683,1.26621804185941,-1
-0.532487663134683,1.26642449826816,-1
-0.532587663134683,1.26663096026854,-1
-0.532687663134683,1.2668374303049,-1
-0.532787663134683,1.26704385635741,-1
-0.532887663134683,1.26725032335749,-1
-0.532987663134683,1.26745684284282,-1
-0.533087663134683,1.26766335202149,-1
-0.533187663134683,1.26786984393211,-1
-0.533287663134683,1.26807635274484,-1
-0.533387663134683,1.26828285659971,-1
-0.533487663134683,1.268489391833,-1
-0.533587663134683,1.26869589595172,-1
-0.533687663134683,1.26890241879333,-1
-0.533787663134683,1.26910899161469,-1
-0.533887663134683,1.2693155164766,-1
-0.533987663134683,1.26952206724888,-1
-0.534087663134683,1.26972863410032,-1
-0.534187663134683,1.26993516464735,-1
-0.534287663134683,1.27014174013655,-1
-0.534387663134683,1.27034833906177,-1
-0.534487663134683,1.27055488738011,-1
-0.534587663134683,1.27076151339881,-1
-0.534687663134683,1.27096805617674,-1
-0.534787663134683,1.2711747059498,-1
-0.534887663134683,1.27138127084649,-1
-0.534987663134683,1.27158789364709,-1
-0.535087663134683,1.27179452859735,-1
-0.535187663134683,1.27200110804707,-1
-0.535287663134683,1.27220776004297,-1
-0.535387663134683,1.2724144211066,-1
-0.535487663134683,1.27262101751923,-1
-0.535587663134683,1.27282768848828,-1
-0.535687663134683,1.27303436122641,-1
-0.535787663134683,1.27324101892038,-1
-0.535887663134683,1.27344765373507,-1
-0.535987663134683,1.2736543243257,-1
-0.536087663134683,1.27386101574322,-1
-0.536187663134683,1.27406768632803,-1
-0.536287663134683,1.27427438186888,-1
-0.536387663134683,1.27448105950404,-1
-0.536487663134683,1.27468778031171,-1
-0.536587663134683,1.27489446994412,-1
-0.536687663134683,1.2751011785014,-1
-0.536787663134683,1.27530790960511,-1
-0.536887663134683,1.27551462554984,-1
-0.536987663134683,1.27572135327788,-1
-0.537087663134683,1.27592807692223,-1
-0.537187663134683,1.27613478334547,-1
-0.537287663134683,1.27634153427198,-1
-0.537387663134683,1.27654829911464,-1
-0.537487663134683,1.27675501041895,-1
-0.537587663134683,1.27696179089476,-1
-0.537687663134683,1.27716857098569,-1
-0.537787663134683,1.27737533399631,-1
-0.537887663134683,1.27758208002481,-1
-0.537987663134683,1.27778887110751,-1
-0.538087663134683,1.27799567225956,-1
-0.538187663134683,1.2782024290132,-1
-0.538287663134683,1.27840925150349,-1
-0.538387663134683,1.27861606102424,-1
-0.538487663134683,1.27882286324889,-1
-0.538587663134683,1.27902965270809,-1
-0.538687663134683,1.27923646095729,-1
-0.538787663134683,1.27944330010521,-1
-0.538887663134683,1.27965009589951,-1
-0.538987663134683,1.27985694846931,-1
-0.539087663134683,1.28006376425205,-1
-0.539187663134683,1.28027060435686,-1
-0.539287663134683,1.28047746518697,-1
-0.539387663134683,1.28068430985735,-1
-0.539487663134683,1.28089114660506,-1
-0.539587663134683,1.28109800503273,-1
-0.539687663134683,1.28130488623672,-1
-0.539787663134683,1.28151173997721,-1
-0.539887663134683,1.28171860216038,-1
-0.539987663134683,1.28192548197116,-1
-0.540087663134683,1.28213238426559,-1
-0.540187663134683,1.28233925724467,-1
-0.540287663134683,1.28254616113274,-1
-0.540387663134683,1.28275304706221,-1
-0.540487663134683,1.28295992730925,-1
-0.540587663134683,1.28316683525931,-1
-0.540687663134683,1.28337375934225,-1
-0.540787663134683,1.2835806778172,-1
-0.540887663134683,1.28378759604573,-1
-0.540987663134683,1.28399448613371,-1
-0.541087663134683,1.28420141985576,-1
-0.541187663134683,1.28440837036096,-1
-0.541287663134683,1.2846152998142,-1
-0.541387663134683,1.28482224234229,-1
-0.541487663134683,1.28502917077191,-1
-0.541587663134683,1.28523613608423,-1
-0.541687663134683,1.28544307514,-1
-0.541787663134683,1.28565004059252,-1
-0.541887663134683,1.28585700021614,-1
-0.541987663134683,1.28606394357611,-1
-0.542087663134683,1.28627092918196,-1
-0.542187663134683,1.28647789183691,-1
-0.542287663134683,1.2866848619357,-1
-0.542387663134683,1.28689183094362,-1
-0.542487663134683,1.28709881958463,-1
-0.542587663134683,1.28730582709126,-1
-0.542687663134683,1.28751280782284,-1
-0.542787663134683,1.28771979868598,-1
-0.542887663134683,1.28792680149919,-1
-0.542987663134683,1.28813379056178,-1
-0.543087663134683,1.28834080126841,-1
-0.543187663134683,1.28854783023467,-1
-0.543287663134683,1.28875483539221,-1
-0.543387663134683,1.28896184734803,-1
-0.543487663134683,1.28916888623635,-1
-0.543587663134683,1.28937589068479,-1
-0.543687663134683,1.28958293740989,-1
-0.543787663134683,1.28978996563324,-1
-0.543887663134683,1.28999699763839,-1
-0.543987663134683,1.2902040296459,-1
-0.544087663134683,1.29041108986829,-1
-0.544187663134683,1.29061811409647,-1
-0.544287663134683,1.2908251655502,-1
-0.544387663134683,1.29103222139792,-1
-0.544487663134683,1.2912392921161,-1
-0.544587663134683,1.29144634727414,-1
-0.544687663134683,1.29165342123799,-1
-0.544787663134683,1.29186048848563,-1
-0.544887663134683,1.29206755291325,-1
-0.544987663134683,1.29227462807662,-1
-0.545087663134683,1.29248169898107,-1
-0.545187663134683,1.29268877026434,-1
-0.545287663134683,1.29289587105744,-1
-0.545387663134683,1.2931029361281,-1
-0.545487663134683,1.29331003777017,-1
-0.545587663134683,1.29351712682519,-1
-0.545687663134683,1.29372421754202,-1
-0.545787663134683,1.29393132512765,-1
-0.545887663134683,1.29413842228255,-1
-0.545987663134683,1.2943455315905,-1
-0.546087663134683,1.29455261581853,-1
-0.546187663134683,1.29475975441616,-1
-0.546287663134683,1.29496685541033,-1
-0.546387663134683,1.29517396239821,-1
-0.546487663134683,1.29538110050884,-1
-0.546587663134683,1.29558818327312,-1
-0.546687663134683,1.29579532639639,-1
-0.546787663134683,1.29600246944523,-1
-0.546887663134683,1.29620960120859,-1
-0.546987663134683,1.29641672821443,-1
-0.547087663134683,1.29662385293263,-1
-0.547187663134683,1.29683100168019,-1
-0.547287663134683,1.29703814002457,-1
-0.547387663134683,1.29724527205599,-1
-0.547487663134683,1.29745243571938,-1
-0.547587663134683,1.29765955270373,-1
-0.547687663134683,1.29786671933327,-1
-0.547787663134683,1.29807387847356,-1
-0.547887663134683,1.29828103802565,-1
-0.547987663134683,1.29848819062598,-1
-0.548087663134683,1.29869534365957,-1
-0.548187663134683,1.29890252055494,-1
-0.548287663134683,1.29910967029567,-1
-0.548387663134683,1.29931684746928,-1
-0.548487663134683,1.29952400446165,-1
-0.548587663134683,1.29973119375505,-1
-0.548687663134683,1.29993835422586,-1
-0.548787663134683,1.30014554311144,-1
-0.548887663134683,1.3003527162975,-1
-0.548987663134683,1.30055990499816,-1
-0.549087663134683,1.3007670751484,-1
-0.549187663134683,1.3009742478486,-1
-0.549287663134683,1.30118144227201,-1
-0.549387663134683,1.30138862320503,-1
-0.549487663134683,1.30159582666475,-1
-0.549587663134683,1.30180301440676,-1
-0.549687663134683,1.30201019779434,-1
-0.549787663134683,1.30221740970177,-1
-0.549887663134683,1.30242458949701,-1
-0.549987663134683,1.30263180424145,-1
-0.550087663134683,1.30283898554947,-1
-0.550187663134683,1.30304619852663,-1
-0.550287663134683,1.30325340819845,-1
-0.550387663134683,1.30346060835706,-1
-0.550487663134683,1.30366781173724,-1
-0.550587663134683,1.30387501855403,-1
-0.550687663134683,1.30408224571348,-1
-0.550787663134683,1.3042894599255,-1
-0.550887663134683,1.30449665904547,-1
-0.550987663134683,1.30470388908052,-1
-0.551087663134683,1.30491108890164,-1
-0.551187663134683,1.30511832477867,-1
-0.551287663134683,1.30532554884398,-1
-0.551387663134683,1.30553275249354,-1
-0.551487663134683,1.30573999069665,-1
-0.551587663134683,1.30594719172545,-1
-0.551687663134683,1.30615441967273,-1
-0.551787663134683,1.30636166423139,-1
-0.551887663134683,1.30656888393154,-1
-0.551987663134683,1.30677610374742,-1
-0.552087663134683,1.30698335323753,-1
-0.552187663134683,1.30719059048443,-1
-0.552287663134683,1.30739779713274,-1
-0.552387663134683,1.30760504739462,-1
-0.552487663134683,1.30781227595076,-1
-0.552587663134683,1.30801950266122,-1
-0.552687663134683,1.30822673690334,-1
-0.552787663134683,1.3084339915725,-1
-0.552887663134683,1.30864123053847,-1
-0.552987663134683,1.30884847129015,-1
-0.553087663134683,1.30905570993375,-1
-0.553187663134683,1.30926295534094,-1
-0.553287663134683,1.30947017596072,-1
-0.553387663134683,1.30967743796924,-1
-0.553487663134683,1.30988467792861,-1
-0.553587663134683,1.31009191039114,-1
-0.553687663134683,1.31029917251772,-1
-0.553787663134683,1.31050641313413,-1
-0.553887663134683,1.31071368543733,-1
-0.553987663134683,1.31092089205106,-1
-0.554087663134683,1.31112815789466,-1
-0.554187663134683,1.31133540067308,-1
-0.554287663134683,1.31154264515692,-1
-0.554387663134683,1.3117498990756,-1
-0.554487663134683,1.3119571523631,-1
-0.554587663134683,1.31216438107933,-1
-0.554687663134683,1.31237164808693,-1
-0.554787663134683,1.31257889089654,-1
-0.554887663134683,1.31278613872271,-1
-0.554987663134683,1.31299339897302,-1
-0.555087663134683,1.31320065711043,-1
-0.555187663134683,1.31340790424672,-1
-0.555287663134683,1.31361516609616,-1
-0.555387663134683,1.31382239249581,-1
-0.555487663134683,1.31402965544361,-1
-0.555587663134683,1.31423691365204,-1
-0.555687663134683,1.31444416561104,-1
-0.555787663134683,1.31465141480436,-1
-0.555887663134683,1.31485866856882,-1
-0.555987663134683,1.31506590976407,-1
-0.556087663134683,1.31527317652496,-1
-0.556187663134683,1.31548046032025,-1
-0.556287663134683,1.31568766091557,-1
-0.556387663134683,1.31589493040472,-1
-0.556487663134683,1.31610217642427,-1
-0.556587663134683,1.31630942392838,-1
-0.556687663134683,1.31651668404337,-1
-0.556787663134683,1.31672394028704,-1
-0.556887663134683,1.31693118679431,-1
-0.556987663134683,1.31713843102788,-1
-0.557087663134683,1.31734569212847,-1
-0.557187663134683,1.31755293016114,-1
-0.557287663134683,1.31776018294038,-1
-0.557387663134683,1.31796743579014,-1
-0.557487663134683,1.31817468072824,-1
-0.557587663134683,1.31838193019087,-1
-0.557687663134683,1.31858917278943,-1
-0.557787663134683,1.31879641134409,-1
-0.557887663134683,1.31900366727396,-1
-0.557987663134683,1.31921091391464,-1
-0.558087663134683,1.31941816727169,-1
-0.558187663134683,1.31962543384217,-1
-0.558287663134683,1.31983263439819,-1
-0.558387663134683,1.32003989844069,-1
-0.558487663134683,1.32024714415005,-1
-0.558587663134683,1.32045438206409,-1
-0.558687663134683,1.32066162143651,-1
-0.558787663134683,1.32086887645328,-1
-0.558887663134683,1.32107610211625,-1
-0.558987663134683,1.32128333150329,-1
-0.559087663134683,1.32149057321873,-1
-0.559187663134683,1.32169779925723,-1
-0.559287663134683,1.32190504790767,-1
-0.559387663134683,1.32211225852878,-1
-0.559487663134683,1.32231950933554,-1
-0.559587663134683,1.32252674511867,-1
-0.559687663134683,1.32273396662137,-1
-0.559787663134683,1.32294120063899,-1
-0.559887663134683,1.32314842199833,-1
-0.559987663134683,1.32335565506555,-1
-0.560087663134683,1.32356287482416,-1
-0.560187663134683,1.32377009997044,-1
-0.560287663134683,1.3239773121015,-1
-0.560387663134683,1.32418453529097,-1
-0.560487663134683,1.32439176440149,-1
-0.560587663134683,1.32459899331246,-1
-0.560687663134683,1.32480620811305,-1
-0.560787663134683,1.32501340560523,-1
-0.560887663134683,1.32522062639891,-1
-0.560987663134683,1.32542784934928,-1
-0.561087663134683,1.32563506284262,-1
-0.561187663134683,1.32584226743629,-1
-0.561287663134683,1.32604946473347,-1
-0.561387663134683,1.32625667495615,-1
-0.561487663134683,1.32646387393971,-1
-0.561587663134683,1.32667109012766,-1
-0.561687663134683,1.32687828009863,-1
-0.561787663134683,1.32708548674929,-1
-0.561887663134683,1.32729266320329,-1
-0.561987663134683,1.32749987593674,-1
-0.562087663134683,1.3277070663995,-1
-0.562187663134683,1.3279142632461,-1
-0.562287663134683,1.32812143834235,-1
-0.562387663134683,1.32832863869081,-1
-0.562487663134683,1.32853582484197,-1
-0.562587663134683,1.32874301030228,-1
-0.562687663134683,1.32895018968079,-1
-0.562787663134683,1.3291573787606,-1
-0.562887663134683,1.32936454641897,-1
-0.562987663134683,1.32957171921778,-1
-0.563087663134683,1.32977889177151,-1
-0.563187663134683,1.32998605916521,-1
-0.563287663134683,1.33019321730656,-1
-0.563387663134683,1.3304004019853,-1
-0.563487663134683,1.33060755171512,-1
-0.563587663134683,1.33081472121808,-1
-0.563687663134683,1.33102187674564,-1
-0.563787663134683,1.33122903219242,-1
-0.563887663134683,1.33143624617242,-1
-0.563987663134683,1.33164334079669,-1
-0.564087663134683,1.33185048476272,-1
-0.564187663134683,1.33205762286208,-1
-0.564287663134683,1.33226477487485,-1
-0.564387663134683,1.33247191368978,-1
-0.564487663134683,1.33267904429025,-1
-0.564587663134683,1.33288618618988,-1
-0.564687663134683,1.33309331384592,-1
-0.564787663134683,1.33330044903683,-1
-0.564887663134683,1.33350756260697,-1
-0.564987663134683,1.3337146987905,-1
-0.565087663134683,1.3339218133426,-1
-0.565187663134683,1.33412893793928,-1
-0.565287663134683,1.33433604611942,-1
-0.565387663134683,1.33454316896705,-1
-0.565487663134683,1.33475027556358,-1
-0.565587663134683,1.33495737719327,-1
-0.565687663134683,1.33516448380658,-1
-0.565787663134683,1.33537158370905,-1
-0.565887663134683,1.33557868079144,-1
-0.565987663134683,1.33578576313663,-1
-0.566087663134683,1.33599286534964,-1
-0.566187663134683,1.33619996084902,-1
-0.566287663134683,1.33640703779593,-1
-0.566387663134683,1.33661412228877,-1
-0.566487663134683,1.33682119693064,-1
-0.566587663134683,1.33702826495821,-1
-0.566687663134683,1.33723534282893,-1
-0.566787663134683,1.3374424068367,-1
-0.566887663134683,1.33764949402272,-1
-0.566987663134683,1.33785653441637,-1
-0.567087663134683,1.33806357726243,-1
-0.567187663134683,1.33827064120895,-1
-0.567287663134683,1.33847768186549,-1
-0.567387663134683,1.33868473739931,-1
-0.567487663134683,1.33889178434144,-1
-0.567587663134683,1.33909881877204,-1
-0.567687663134683,1.33930586147821,-1
-0.567787663134683,1.3395128825657,-1
-0.567887663134683,1.33971991731605,-1
-0.567987663134683,1.33992694573462,-1
-0.568087663134683,1.34013394619489,-1
-0.568187663134683,1.34034097316297,-1
-0.568287663134683,1.34054798167658,-1
-0.568387663134683,1.34075499172846,-1
-0.568487663134683,1.34096200331876,-1
-0.568587663134683,1.34116899769825,-1
-0.568687663134683,1.34137599515269,-1
-0.568787663134683,1.34158298628641,-1
-0.568887663134683,1.3417899742311,-1
-0.568987663134683,1.34199697444044,-1
-0.569087663134683,1.3422039372579,-1
-0.569187663134683,1.34241091202301,-1
-0.569287663134683,1.34261787865173,-1
-0.569387663134683,1.34282485294097,-1
-0.569487663134683,1.34303181709765,-1
-0.569587663134683,1.34323877448052,-1
-0.569687663134683,1.34344573949481,-1
-0.569787663134683,1.34365268219935,-1
-0.569887663134683,1.34385962356965,-1
-0.569987663134683,1.34406656395052,-1
-0.570087663134683,1.34427348937997,-1
-0.570187663134683,1.34448043253913,-1
-0.570287663134683,1.34468734536133,-1
-0.570387663134683,1.34489428367118,-1
-0.570487663134683,1.34510120191783,-1
-0.570587663134683,1.34530812357311,-1
-0.570687663134683,1.34551502558354,-1
-0.570787663134683,1.34572193171402,-1
-0.570887663134683,1.34592880954965,-1
-0.570987663134683,1.34613572357709,-1
-0.571087663134683,1.34634261277696,-1
-0.571187663134683,1.34654949660087,-1
-0.571287663134683,1.34675638037999,-1
-0.571387663134683,1.34696325194796,-1
-0.571487663134683,1.34717012407017,-1
-0.571587663134683,1.34737698949103,-1
-0.571687663134683,1.34758382634901,-1
-0.571787663134683,1.3477907022752,-1
-0.571887663134683,1.3479975512706,-1
-0.571987663134683,1.34820440103627,-1
-0.572087663134683,1.34841123833777,-1
-0.572187663134683,1.34861807167702,-1
-0.572287663134683,1.34882489990822,-1
-0.572387663134683,1.34903172647414,-1
-0.572487663134683,1.34923854806346,-1
-0.572587663134683,1.34944535836445,-1
-0.572687663134683,1.34965217305605,-1
-0.572787663134683,1.3498589710089,-1
-0.572887663134683,1.35006577472082,-1
-0.572987663134683,1.3502725599903,-1
-0.573087663134683,1.35047937776387,-1
-0.573187663134683,1.35068613052549,-1
-0.573287663134683,1.35089291185399,-1
-0.573387663134683,1.35109967395135,-1
-0.573487663134683,1.3513064521101,-1
-0.573587663134683,1.35151323034649,-1
-0.573687663134683,1.35171994992796,-1
-0.573787663134683,1.3519267081811,-1
-0.573887663134683,1.35213345634949,-1
-0.573987663134683,1.3523401769831,-1
-0.574087663134683,1.35254690525224,-1
-0.574187663134683,1.3527536307382,-1
-0.574287663134683,1.35296034983811,-1
-0.574387663134683,1.35316706111109,-1
-0.574487663134683,1.35337377156725,-1
-0.574587663134683,1.35358046621831,-1
-0.574687663134683,1.35378716741033,-1
-0.574787663134683,1.35399385232264,-1
-0.574887663134683,1.3542005381941,-1
-0.574987663134683,1.35440720633077,-1
-0.575087663134683,1.35461389004557,-1
-0.575187663134683,1.35482055330779,-1
-0.575287663134683,1.35502720627021,-1
-0.575387663134683,1.35523386233441,-1
-0.575487663134683,1.35544050645868,-1
-0.575587663134683,1.35564714271745,-1
-0.575687663134683,1.3558537777715,-1
-0.575787663134683,1.35606040209877,-1
-0.575887663134683,1.35626703524982,-1
-0.575987663134683,1.35647362776224,-1
-0.576087663134683,1.35668024042833,-1
-0.576187663134683,1.35688684799398,-1
-0.576287663134683,1.35709343833193,-1
-0.576387663134683,1.35730003193266,-1
-0.576487663134683,1.35750661659682,-1
-0.576587663134683,1.35771318610326,-1
-0.576687663134683,1.35791975215792,-1
-0.576787663134683,1.35812631485041,-1
-0.576887663134683,1.35833286860645,-1
-0.576987663134683,1.35853942016949,-1
-0.577087663134683,1.35874595854026,-1
-0.577187663134683,1.35895250324613,-1
-0.577287663134683,1.35915902105218,-1
-0.577387663134683,1.35936554563286,-1
-0.577487663134683,1.35957205308876,-1
-0.577587663134683,1.3597785651742,-1
-0.577687663134683,1.35998506099596,-1
-0.577787663134683,1.36019155268823,-1
-0.577887663134683,1.36039803855293,-1
-0.577987663134683,1.36060452978075,-1
-0.578087663134683,1.3608109988289,-1
-0.578187663134683,1.36101749158109,-1
-0.578287663134683,1.36122394645694,-1
-0.578387663134683,1.36143036223014,-1
-0.578487663134683,1.36163680337891,-1
-0.578587663134683,1.36184324100419,-1
-0.578687663134683,1.36204970400142,-1
-0.578787663134683,1.36225612249013,-1
-0.578887663134683,1.36246250642681,-1
-0.578987663134683,1.36266890802381,-1
-0.579087663134683,1.36287526469568,-1
-0.579187663134683,1.36308169395174,-1
-0.579287663134683,1.36328807911437,-1
-0.579387663134683,1.36349445830761,-1
-0.579487663134683,1.36370085101077,-1
-0.579587663134683,1.36390719949684,-1
-0.579687663134683,1.36411353781922,-1
-0.579787663134683,1.36431988780523,-1
-0.579887663134683,1.3645262279658,-1
-0.579987663134683,1.36473254688407,-1
-0.580087663134683,1.3649388759744,-1
-0.580187663134683,1.36514519158296,-1
-0.580287663134683,1.36535149989148,-1
-0.580387663134683,1.36555779593202,-1
-0.580487663134683,1.36576408819323,-1
-0.580587663134683,1.36597036976113,-1
-0.580687663134683,1.36617664281646,-1
-0.580787663134683,1.36638291350327,-1
-0.580887663134683,1.3665891653736,-1
-0.580987663134683,1.36679541878338,-1
-0.581087663134683,1.36700165776061,-1
-0.581187663134683,1.36720789767344,-1
-0.581287663134683,1.36741412438646,-1
-0.581387663134683,1.36762034223388,-1
-0.581487663134683,1.36782655008646,-1
-0.581587663134683,1.36803275470411,-1
-0.581687663134683,1.36823894742782,-1
-0.581787663134683,1.36844513359602,-1
-0.581887663134683,1.36865129699821,-1
-0.581987663134683,1.36885747845756,-1
-0.582087663134683,1.36906363991913,-1
-0.582187663134683,1.36926979357391,-1
-0.582287663134683,1.3694759301635,-1
-0.582387663134683,1.36968206806148,-1
-0.582487663134683,1.36988819163308,-1
-0.582587663134683,1.37009430955668,-1
-0.582687663134683,1.37030041865681,-1
-0.582787663134683,1.37050652258697,-1
-0.582887663134683,1.37071261029998,-1
-0.582987663134683,1.37091869310596,-1
-0.583087663134683,1.37112476636693,-1
-0.583187663134683,1.37133083295613,-1
-0.583287663134683,1.37153688656827,-1
-0.583387663134683,1.3717429351621,-1
-0.583487663134683,1.3719489733127,-1
-0.583587663134683,1.37215499830072,-1
-0.583687663134683,1.37236102264847,-1
-0.583787663134683,1.37256703536777,-1
-0.583887663134683,1.37277303370566,-1
-0.583987663134683,1.37297902758479,-1
-0.584087663134683,1.37318501374041,-1
-0.584187663134683,1.37339098928001,-1
-0.584287663134683,1.37359696332541,-1
-0.584387663134683,1.3738029140265,-1
-0.584487663134683,1.37400885708245,-1
-0.584587663134683,1.37421479817421,-1
-0.584687663134683,1.37442072277958,-1
-0.584787663134683,1.37462664271295,-1
-0.584887663134683,1.37483255682827,-1
-0.584987663134683,1.37503846134568,-1
-0.585087663134683,1.37524435309805,-1
-0.585187663134683,1.37545023456606,-1
-0.585287663134683,1.37565610379774,-1
-0.585387663134683,1.37586196578401,-1
-0.585487663134683,1.37606784444073,-1
-0.585587663134683,1.37627365887521,-1
-0.585687663134683,1.37647949585816,-1
-0.585787663134683,1.37668532399945,-1
-0.585887663134683,1.37689114140468,-1
-0.585987663134683,1.37709694710009,-1
-0.586087663134683,1.37730273809734,-1
-0.586187663134683,1.37750853268163,-1
-0.586287663134683,1.37771430131526,-1
-0.586387663134683,1.37792006775353,-1
-0.586487663134683,1.37812581614035,-1
-0.586587663134683,1.37833156947508,-1
-0.586687663134683,1.37853730445182,-1
-0.586787663134683,1.3787430304722,-1
-0.586887663134683,1.37894875067427,-1
-0.586987663134683,1.37915444674954,-1
-0.587087663134683,1.37936014757357,-1
-0.587187663134683,1.37956583419167,-1
-0.587287663134683,1.37977151242588,-1
-0.587387663134683,1.37997717055272,-1
-0.587487663134683,1.38018282943297,-1
-0.587587663134683,1.3803884764391,-1
-0.587687663134683,1.38059410038346,-1
-0.587787663134683,1.38079973597613,-1
-0.587887663134683,1.3810053456362,-1
-0.587987663134683,1.38121096030263,-1
-0.588087663134683,1.38141656846741,-1
-0.588187663134683,1.38162213215289,-1
-0.588287663134683,1.38182770658676,-1
-0.588387663134683,1.38203326639632,-1
-0.588487663134683,1.38223882048595,-1
-0.588587663134683,1.38244435916049,-1
-0.588687663134683,1.38264989189667,-1
-0.588787663134683,1.38285540699393,-1
-0.588887663134683,1.38306091911711,-1
-0.588987663134683,1.3832664149905,-1
-0.589087663134683,1.38347191825691,-1
-0.589187663134683,1.38367738131085,-1
-0.589287663134683,1.3838828711149,-1
-0.589387663134683,1.3840883023116,-1
-0.589487663134683,1.38429378611017,-1
-0.589587663134683,1.38449917797187,-1
-0.589687663134683,1.38470460144155,-1
-0.589787663134683,1.38491001269286,-1
-0.589887663134683,1.38511541006773,-1
-0.589987663134683,1.38532079412778,-1
-0.590087663134683,1.38552617684245,-1
-0.590187663134683,1.3857315477577,-1
-0.590287663134683,1.38593690379919,-1
-0.590387663134683,1.38614224745126,-1
-0.590487663134683,1.38634757858457,-1
-0.590587663134683,1.38655290368785,-1
-0.590687663134683,1.38675821143514,-1
-0.590787663134683,1.38696351424677,-1
-0.590887663134683,1.38716879585118,-1
-0.590987663134683,1.38737407593786,-1
-0.591087663134683,1.38757934431193,-1
-0.591187663134683,1.38778459913451,-1
-0.591287663134683,1.38798983290441,-1
-0.591387663134683,1.38819507019657,-1
-0.591487663134683,1.38840029027484,-1
-0.591587663134683,1.38860549920575,-1
-0.591687663134683,1.38881069613747,-1
-0.591787663134683,1.38901588172234,-1
-0.591887663134683,1.38922111131453,-1
-0.591987663134683,1.3894262174105,-1
-0.592087663134683,1.38963136455541,-1
-0.592187663134683,1.38983649119518,-1
-0.592287663134683,1.39004164291948,-1
-0.592387663134683,1.39024674433264,-1
-0.592487663134683,1.39045184801694,-1
-0.592587663134683,1.39065693812612,-1
-0.592687663134683,1.39086201735294,-1
-0.592787663134683,1.39106708415117,-1
-0.592887663134683,1.39127213687728,-1
-0.592987663134683,1.39147718009795,-1
-0.593087663134683,1.39168220814726,-1
-0.593187663134683,1.39188721979859,-1
-0.593287663134683,1.39209223370458,-1
-0.593387663134683,1.39229724865955,-1
-0.593487663134683,1.39250221285443,-1
-0.593587663134683,1.39270718474522,-1
-0.593687663134683,1.39291213372135,-1
-0.593787663134683,1.3931170836992,-1
-0.593887663134683,1.39332204145774,-1
-0.593987663134683,1.39352693910968,-1
-0.594087663134683,1.39373184693446,-1
-0.594187663134683,1.39393674464855,-1
-0.594287663134683,1.39414162447854,-1
-0.594387663134683,1.39434649973386,-1
-0.594487663134683,1.3945513581674,-1
-0.594587663134683,1.39475620147222,-1
-0.594687663134683,1.39496103843119,-1
-0.594787663134683,1.39516586007733,-1
-0.594887663134683,1.39537066659136,-1
-0.594987663134683,1.39557545951927,-1
-0.595087663134683,1.39578024757686,-1
-0.595187663134683,1.39598500594854,-1
-0.595287663134683,1.39618977880653,-1
-0.595387663134683,1.39639450862655,-1
-0.595487663134683,1.39659924623801,-1
-0.595587663134683,1.39680396156948,-1
-0.595687663134683,1.39700867351099,-1
-0.595787663134683,1.39721336950622,-1
-0.595887663134683,1.39741804033855,-1
-0.595987663134683,1.39762271439495,-1
-0.596087663134683,1.39782735904331,-1
-0.596187663134683,1.39803200465618,-1
-0.596287663134683,1.39823664003972,-1
-0.596387663134683,1.39844124390151,-1
-0.596487663134683,1.3986458497878,-1
-0.596587663134683,1.398850442924,-1
-0.596687663134683,1.39905500539729,-1
-0.596787663134683,1.39925957592616,-1
-0.596887663134683,1.39946414943793,-1
-0.596987663134683,1.39966865970342,-1
-0.597087663134683,1.39987318338681,-1
-0.597187663134683,1.40007769238069,-1
-0.597287663134683,1.4002821869497,-1
-0.597387663134683,1.40048666751922,-1
-0.597487663134683,1.40069113523561,-1
-0.597587663134683,1.40089559189213,-1
-0.597687663134683,1.40110003467525,-1
-0.597787663134683,1.4013044606271,-1
-0.597887663134683,1.40150888756527,-1
-0.597987663134683,1.40171327494737,-1
-0.598087663134683,1.40191766431901,-1
-0.598187663134683,1.40212202177333,-1
-0.598287663134683,1.40232639235555,-1
-0.598387663134683,1.40253073720765,-1
-0.598487663134683,1.40273507081106,-1
-0.598587663134683,1.40293938867768,-1
-0.598687663134683,1.40314369232733,-1
-0.598787663134683,1.40334796973993,-1
-0.598887663134683,1.40355225557994,-1
-0.598987663134683,1.40375652010878,-1
-0.599087663134683,1.40396075536255,-1
-0.599187663134683,1.40416499949842,-1
-0.599287663134683,1.40436922412352,-1
-0.599387663134683,1.40457342863027,-1
-0.599487663134683,1.40477761042353,-1
-0.599587663134683,1.4049818023099,-1
-0.599687663134683,1.40518596273279,-1
-0.599787663134683,1.40539011182613,-1
-0.599887663134683,1.40559422022474,-1
-0.599987663134683,1.40579835759834,-1
-0.600087663134683,1.40600247238145,-1
-0.600187663134683,1.40620656671971,-1
-0.600287663134683,1.40641064044269,-1
-0.600387663134683,1.40661470910274,-1
-0.600487663134683,1.40681875535395,-1
-0.600587663134683,1.4070227699983,-1
-0.600687663134683,1.40722679887244,-1
-0.600787663134683,1.4074308148882,-1
-0.600887663134683,1.4076348082105,-1
-0.600987663134683,1.4078387731626,-1
-0.601087663134683,1.40804274323355,-1
-0.601187663134683,1.40824669317085,-1
-0.601287663134683,1.40845062829579,-1
-0.601387663134683,1.40865453606438,-1
-0.601487663134683,1.40885844310317,-1
-0.601587663134683,1.40906233290029,-1
-0.601687663134683,1.40926619674186,-1
-0.601787663134683,1.40947006500233,-1
-0.601887663134683,1.40967390786372,-1
-0.601987663134683,1.40987774061653,-1
-0.602087663134683,1.41008154616602,-1
-0.602187663134683,1.41028534954209,-1
-0.602287663134683,1.41048913081018,-1
-0.602387663134683,1.41069290336284,-1
-0.602487663134683,1.41089665484256,-1
-0.602587663134683,1.41110039327289,-1
-0.602687663134683,1.41130411831676,-1
-0.602787663134683,1.41150781692803,-1
-0.602887663134683,1.41171151932264,-1
-0.602987663134683,1.41191519375473,-1
-0.603087663134683,1.41211886114684,-1
-0.603187663134683,1.41232250669962,-1
-0.603287663134683,1.41252612755925,-1
-0.603387663134683,1.41272975456965,-1
-0.603487663134683,1.41293335239081,-1
-0.603587663134683,1.41313694371395,-1
-0.603687663134683,1.41334050354754,-1
-0.603787663134683,1.41354406760197,-1
-0.603887663134683,1.41374761272371,-1
-0.603987663134683,1.41395113140877,-1
-0.604087663134683,1.41415463407356,-1
-0.604187663134683,1.41435812526331,-1
-0.604287663134683,1.41456161472289,-1
-0.604387663134683,1.41476507054679,-1
-0.604487663134683,1.41496850601982,-1
-0.604587663134683,1.41517194617989,-1
-0.604687663134683,1.41537535324787,-1
-0.604787663134683,1.41557875910267,-1
-0.604887663134683,1.41578214567871,-1
-0.604987663134683,1.4159855086562,-1
-0.605087663134683,1.41618886051715,-1
-0.605187663134683,1.41639218465625,-1
-0.605287663134683,1.41659552819575,-1
-0.605387663134683,1.41679881588217,-1
-0.605487663134683,1.41700210428902,-1
-0.605587663134683,1.4172053692373,-1
-0.605687663134683,1.4174086575857,-1
-0.605787663134683,1.41761187008229,-1
-0.605887663134683,1.4178150933149,-1
-0.605987663134683,1.41801829117638,-1
-0.606087663134683,1.41822148935441,-1
-0.606187663134683,1.41842466083123,-1
-0.606287663134683,1.41862782171835,-1
-0.606387663134683,1.41883096186784,-1
-0.606487663134683,1.41903408908963,-1
-0.606587663134683,1.41923719280468,-1
-0.606687663134683,1.4194402910681,-1
-0.606787663134683,1.41964339766788,-1
-0.606887663134683,1.41984642856867,-1
-0.606987663134683,1.42004947088613,-1
-0.607087663134683,1.42025250141343,-1
-0.607187663134683,1.42045550827638,-1
-0.607287663134683,1.42065849697657,-1
-0.607387663134683,1.42086148036784,-1
-0.607487663134683,1.42106444048101,-1
-0.607587663134683,1.42126738000884,-1
-0.607687663134683,1.42147031255815,-1
-0.607787663134683,1.42167321301313,-1
-0.607887663134683,1.4218761163122,-1
-0.607987663134683,1.42207899049134,-1
-0.608087663134683,1.42228185415711,-1
-0.608187663134683,1.4224846911838,-1
-0.608287663134683,1.4226875265779,-1
-0.608387663134683,1.42289032706257,-1
-0.608487663134683,1.42309312537595,-1
-0.608587663134683,1.42329590315762,-1
-0.608687663134683,1.42349865248283,-1
-0.608787663134683,1.42370140295753,-1
-0.608887663134683,1.42390413496609,-1
-0.608987663134683,1.42410683650898,-1
-0.609087663134683,1.42430952857596,-1
-0.609187663134683,1.42451220111329,-1
-0.609287663134683,1.42471485779198,-1
-0.609387663134683,1.42491750073136,-1
-0.609487663134683,1.42512011907905,-1
-0.609587663134683,1.42532271946418,-1
-0.609687663134683,1.42552531003039,-1
-0.609787663134683,1.42572788165655,-1
-0.609887663134683,1.42593043718507,-1
-0.609987663134683,1.42613297111711,-1
-0.610087663134683,1.42633548429097,-1
-0.610187663134683,1.42653798914324,-1
-0.610287663134683,1.42674046390406,-1
-0.610387663134683,1.42694293742671,-1
-0.610487663134683,1.42714538858627,-1
-0.610587663134683,1.42734781055556,-1
-0.610687663134683,1.42755022954017,-1
-0.610787663134683,1.42775262640858,-1
-0.610887663134683,1.42795499506842,-1
-0.610987663134683,1.42815736280511,-1
-0.611087663134683,1.42835970293344,-1
-0.611187663134683,1.4285620311263,-1
-0.611287663134683,1.42876433444073,-1
-0.611387663134683,1.4289666275927,-1
-0.611487663134683,1.4291688992654,-1
-0.611587663134683,1.42937114886236,-1
-0.611687663134683,1.42957338862363,-1
-0.611787663134683,1.42977560064912,-1
-0.611887663134683,1.4299778095121,-1
-0.611987663134683,1.43017998284346,-1
-0.612087663134683,1.43038215176714,-1
-0.612187663134683,1.43058429570271,-1
-0.612287663134683,1.43078642944235,-1
-0.612387663134683,1.43098853120026,-1
-0.612487663134683,1.4311906273896,-1
-0.612587663134683,1.43139270140979,-1
-0.612687663134683,1.43159475697312,-1
-0.612787663134683,1.4317967940651,-1
-0.612887663134683,1.43199880617726,-1
-0.612987663134683,1.43220080661522,-1
-0.613087663134683,1.43240279554466,-1
-0.613187663134683,1.43260475916648,-1
-0.613287663134683,1.4328067127278,-1
-0.613387663134683,1.43300863597827,-1
-0.613487663134683,1.43321054186016,-1
-0.613587663134683,1.43341243300465,-1
-0.613687663134683,1.43361429608432,-1
-0.613787663134683,1.43381615734359,-1
-0.613887663134683,1.43401799108353,-1
-0.613987663134683,1.43421980983448,-1
-0.614087663134683,1.4344216094709,-1
-0.614187663134683,1.43462338729488,-1
-0.614287663134683,1.43482514798241,-1
-0.614387663134683,1.43502688311654,-1
-0.614487663134683,1.43522861282039,-1
-0.614587663134683,1.43543031856924,-1
-0.614687663134683,1.43563199671068,-1
-0.614787663134683,1.43583366910355,-1
-0.614887663134683,1.43603534711719,-1
-0.614987663134683,1.4362369492654,-1
-0.615087663134683,1.43643856673375,-1
-0.615187663134683,1.43664015518652,-1
-0.615287663134683,1.43684172511966,-1
-0.615387663134683,1.43704327877135,-1
-0.615487663134683,1.43724480692355,-1
-0.615587663134683,1.4374463285357,-1
-0.615687663134683,1.43764781847606,-1
-0.615787663134683,1.43784930341901,-1
-0.615887663134683,1.43805076341893,-1
-0.615987663134683,1.43825219521225,-1
-0.616087663134683,1.43845362219993,-1
-0.616187663134683,1.43865502492306,-1
-0.616287663134683,1.43885639998504,-1
-0.616387663134683,1.43905776935459,-1
-0.616487663134683,1.43925910569425,-1
-0.616587663134683,1.4394604381042,-1
-0.616687663134683,1.43966173966397,-1
-0.616787663134683,1.43986302861348,-1
-0.616887663134683,1.44006429482773,-1
-0.616987663134683,1.44026553579013,-1
-0.617087663134683,1.44046676806859,-1
-0.617187663134683,1.44066797487435,-1
-0.617287663134683,1.44086916559567,-1
-0.617387663134683,1.4410703283644,-1
-0.617487663134683,1.44127148384876,-1
-0.617587663134683,1.44147261355177,-1
-0.617687663134683,1.44167371892959,-1
-0.617787663134683,1.44187480952302,-1
-0.617887663134683,1.44207588557044,-1
-0.617987663134683,1.44227693701672,-1
-0.618087663134683,1.44247797769092,-1
-0.618187663134683,1.44267898112767,-1
-0.618287663134683,1.44287996573411,-1
-0.618387663134683,1.44308094307764,-1
-0.618487663134683,1.44328189525545,-1
-0.618587663134683,1.44348283114003,-1
-0.618687663134683,1.44368374293963,-1
-0.618787663134683,1.44388462994837,-1
-0.618887663134683,1.4440855093053,-1
-0.618987663134683,1.44428635813379,-1
-0.619087663134683,1.44448719423327,-1
-0.619187663134683,1.44468800852106,-1
-0.619287663134683,1.44488879903798,-1
-0.619387663134683,1.44508957404366,-1
-0.619487663134683,1.44529033140281,-1
-0.619587663134683,1.44549105998035,-1
-0.619687663134683,1.44569177272319,-1
-0.619787663134683,1.44589246468474,-1
-0.619887663134683,1.4460931395642,-1
-0.619987663134683,1.44629378315348,-1
-0.620087663134683,1.44649442023297,-1
-0.620187663134683,1.44669502990652,-1
-0.620287663134683,1.44689562325777,-1
-0.620387663134683,1.44709618747014,-1
-0.620487663134683,1.44729674417269,-1
-0.620587663134683,1.44749727388727,-1
-0.620687663134683,1.447697779968,-1
-0.620787663134683,1.44789826855364,-1
-0.620887663134683,1.44809873778633,-1
-0.620987663134683,1.4482991872905,-1
-0.621087663134683,1.448499616381,-1
-0.621187663134683,1.44870002237549,-1
-0.621287663134683,1.44890041676774,-1
-0.621387663134683,1.44910077641074,-1
-0.621487663134683,1.44930112202822,-1
-0.621587663134683,1.44950144187437,-1
-0.621687663134683,1.44970174918177,-1
-0.621787663134683,1.44990203321102,-1
-0.621887663134683,1.45010229553341,-1
-0.621987663134683,1.45030253058228,-1
-0.622087663134683,1.45050275779338,-1
-0.622187663134683,1.45070295165634,-1
-0.622287663134683,1.4509031357822,-1
-0.622387663134683,1.4511032933636,-1
-0.622487663134683,1.45130343119963,-1
-0.622587663134683,1.45150354883871,-1
-0.622687663134683,1.45170364418597,-1
-0.622787663134683,1.45190371527223,-1
-0.622887663134683,1.45210377123217,-1
-0.622987663134683,1.45230380207902,-1
-0.623087663134683,1.45250381313641,-1
-0.623187663134683,1.45270380635808,-1
-0.623287663134683,1.45290377575357,-1
-0.623387663134683,1.45310372173628,-1
-0.623487663134683,1.45330365150237,-1
-0.623587663134683,1.45350355702568,-1
-0.623687663134683,1.45370344047204,-1
-0.623787663134683,1.45390330208616,-1
-0.623887663134683,1.4541031571468,-1
-0.623987663134683,1.45430296901952,-1
-0.624087663134683,1.45450276867816,-1
-0.624187663134683,1.45470254715631,-1
-0.624287663134683,1.45490229733268,-1
-0.624387663134683,1.45510203665045,-1
-0.624487663134683,1.455301751732,-1
-0.624587663134683,1.45550144333865,-1
-0.624687663134683,1.45570111569267,-1
-0.624787663134683,1.45590076411875,-1
-0.624887663134683,1.45610038701072,-1
-0.624987663134683,1.4563,-1
