1.9612716538,1.508382025,-1.7641864763,-2.6913581622,2.8972,2.5766353281,2.407235567,0.0188906567,0.0044947096
1.9612716538,1.508382025,-1.7641864763,-2.6913581622,2.8972,2.5766353281,2.407235567,0.0188906567,0.0044947096
1.9612716538,1.508382025,-1.7641864763,-2.6913581622,2.8972,2.5766353281,2.407235567,0.0188906567,0.0044947096
1.9612716538,1.508382025,-1.7641864763,-2.6913581622,2.8972,2.5766353281,2.407235567,0.0188906567,0.0044947096
1.9612716538,1.508382025,-1.7641864763,-2.6913581622,2.8972,2.5766353281,2.407235567,0.0188906567,0.0044947096
1.9612716538,1.508382025,-1.7641864763,-2.6913581622,2.8972,2.5766353281,2.407235567,0.0188906567,0.0044947096
1.9612716538,1.508382025,-1.7641864763,-2.6913581622,2.8972,2.5766353281,2.407235567,0.0188906567,0.0044947096
1.9612716538,1.508382025,-1.7641864763,-2.6913581622,2.8972,2.5766353281,2.407235567,0.0188906567,0.0044947096
1.9612716538,1.508382025,-1.7641864763,-2.6913581622,2.8972,2.5766353281,2.407235567,0.0188906567,0.0044947096
1.9612716538,1.508382025,-1.7641864763,-2.6913581622,2.8972,2.5766353281,2.407235567,0.0188906567,0.0044947096
1.9612716538,1.508382025,-1.7641864763,-2.6913581622,2.8972,2.5766353281,2.407235567,0.0188906567,0.0044947096
1.9612716538,1.508382025,-1.7641864763,-2.6913581622,2.8972,2.5766353281,2.407235567,0.0188906567,0.0044947096
1.9612716538,1.508382025,-1.7641864763,-2.6913581622,2.8972,2.5766353281,2.407235567,0.0188906567,0.0044947096
1.9612716538,1.508382025,-1.7641864763,-2.6913581622,2.8972,2.5766353281,2.407235567,0.0188906567,0.0044947096
1.9612716538,1.508382025,-1.7641864763,-2.6913581622,2.8972,2.5766353281,2.407235567,0.0188906567,0.0044947096
1.9612716538,1.508382025,-1.7641864763,-2.6913581622,2.8972,2.5766353281,2.407235567,0.0188906567,0.0044947096
1.9612716538,1.508382025,-1.7641864763,-2.6913581622,2.8972,2.5766353281,2.407235567,0.0188906567,0.0044947096
1.9612716538,1.508382025,-1.7641864763,-2.6913581622,2.8972,2.5766353281,2.407235567,0.0188906567,0.0044947096
1.9612716538,1.508382025,-1.7641864763,-2.6913581622,2.8972,2.5766353281,2.407235567,0.0188906567,0.0044947096
1.9612716538,1.508382025,-1.7641864763,-2.6913581622,2.8972,2.5766353281,2.407235567,0.0188906567,0.0044947096
1.9612716538,1.508382025,-1.7641864763,-2.6913581622,2.8972,2.5766353281,2.407235567,0.0188906567,0.0044947096
1.9612716538,1.508382025,-1.7641864763,-2.6913581622,2.8972,2.5766353281,2.407235567,0.0188906567,0.0044947096
1.9612716538,1.508382025,-1.7641864763,-2.6913581622,2.8972,2.5766353281,2.407235567,0.0188906567,0.0044947096
1.9612716538,1.508382025,-1.7641864763,-2.6913581622,2.8972,2.5766353281,2.407235567,0.0188906567,0.0044947096
1.9612716538,1.508382025,-1.7641864763,-2.6913581622,2.8972,2.5766353281,2.407235567,0.0188906567,0.0044947096
1.9612716538,1.508382025,-1.7641864763,-2.6913581622,2.8972,2.5766353281,2.407235567,0.0188906567,0.0044947096
1.9612716538,1.508382025,-1.7641864763,-2.6913581622,2.8972,2.5766353281,2.407235567,0.0188906567,0.0044947096
1.9612716538,1.508382025,-1.7641864763,-2.6913581622,2.8972,2.5766353281,2.407235567,0.0188906567,0.0044947096
1.9612716538,1.508382025,-1.7641864763,-2.6913581622,2.8972,2.5766353281,2.407235567,0.0188906567,0.0044947096
1.9612716538,1.508382025,-1.7641864763,-2.6913581622,2.8972,2.5766353281,2.407235567,0.0188906567,0.0044947096
1.9612716536,1.5083820181,-1.7641864935,-2.6913581587,2.8971999785,2.5766353297,2.4072355706,0.0188906567,0.0044947096
1.9612716522,1.5083819767,-1.7641865974,-2.6913581373,2.897199849,2.5766353391,2.4072355923,0.0188906567,0.0044947096
1.9612716475,1.5083818355,-1.7641869516,-2.6913580644,2.8971994074,2.5766353711,2.4072356664,0.0188906567,0.0044947096
1.9612716375,1.5083815396,-1.7641876939,-2.6913579116,2.8971984819,2.5766354383,2.4072358217,0.0188906567,0.0044947096
1.9612716203,1.5083810256,-1.7641889833,-2.6913576463,2.8971968743,2.576635555,2.4072360913,0.0188906567,0.0044947096
1.9612715938,1.5083802329,-1.7641909716,-2.6913572371,2.8971943954,2.5766357349,2.4072365072,0.0188906567,0.0044947096
1.9612715559,1.5083791004,-1.7641938125,-2.6913566523,2.8971908534,2.576635992,2.4072371014,0.0188906567,0.0044947096
1.9612715045,1.5083775664,-1.7641976603,-2.6913558603,2.897186056,2.5766363403,2.4072379062,0.0188906567,0.0044947096
1.9612714377,1.5083755692,-1.76420267,-2.6913548291,2.89717981,2.5766367938,2.407238954,0.0188906567,0.0044947096
1.9612713532,1.5083730468,-1.7642089968,-2.6913535267,2.8971719217,2.5766373665,2.4072402773,0.0188906567,0.0044947096
1.9612712491,1.5083699373,-1.7642167964,-2.691351921,2.8971621971,2.5766380726,2.4072419088,0.0188906567,0.0044947096
1.9612711233,1.5083661783,-1.7642262249,-2.6913499799,2.8971504416,2.5766389262,2.4072438809,0.0188906567,0.0044947096
1.9612709736,1.5083617076,-1.7642374384,-2.6913476712,2.8971364605,2.5766399415,2.4072462265,0.0188906567,0.0044947096
1.9612707981,1.5083564629,-1.7642505933,-2.6913449625,2.8971200588,2.5766411326,2.4072489782,0.0188906567,0.0044947096
1.9612705945,1.5083503815,-1.7642658462,-2.6913418217,2.8971010411,2.5766425138,2.4072521689,0.0188906567,0.0044947096
1.9612703609,1.5083434012,-1.7642833539,-2.6913382164,2.8970792121,2.5766440993,2.4072558312,0.0188906567,0.0044947096
1.9612700951,1.5083354592,-1.764303273,-2.6913341142,2.8970543763,2.5766459033,2.4072599981,0.0188906567,0.0044947096
1.961269795,1.5083264931,-1.7643257605,-2.6913294828,2.8970263381,2.57664794,2.4072647024,0.0188906567,0.0044947096
1.9612694586,1.5083164403,-1.7643509731,-2.6913242898,2.8969949019,2.5766502238,2.4072699768,0.0188906567,0.0044947096
1.9612690837,1.5083052382,-1.7643790677,-2.6913185027,2.8969598721,2.5766527688,2.4072758543,0.0188906567,0.0044947096
1.9612686682,1.5082928242,-1.7644102013,-2.6913120892,2.8969210531,2.5766555893,2.4072823677,0.0188906567,0.0044947096
1.9612682102,1.5082791358,-1.7644445304,-2.6913050168,2.8968782494,2.5766586997,2.4072895498,0.0188906567,0.0044947096
1.9612677074,1.5082641104,-1.764482212,-2.691297253,2.8968312655,2.5766621141,2.4072974335,0.0188906567,0.0044947096
1.9612671579,1.5082476855,-1.7645234025,-2.6912887656,2.8967799061,2.5766658468,2.4073060516,0.0188906567,0.0044947096
1.9612665594,1.5082297986,-1.7645682585,-2.691279522,2.8967239759,2.5766699121,2.4073154368,0.0188906567,0.0044947096
1.96126591,1.5082103873,-1.7646169363,-2.6912694898,2.8966632798,2.5766743243,2.407325622,0.0188906567,0.0044947096
1.9612652075,1.5081893891,-1.7646695923,-2.6912586367,2.8965976231,2.5766790976,2.4073366399,0.0188906567,0.0044947096
1.9612644499,1.5081667418,-1.7647263825,-2.6912469301,2.8965268109,2.5766842463,2.4073485233,0.0188906567,0.0044947096
1.9612636351,1.508142383,-1.7647874628,-2.6912343377,2.8964506488,2.5766897847,2.4073613048,0.0188906567,0.0044947096
1.9612627611,1.5081162506,-1.764852989,-2.691220827,2.8963689423,2.576695727,2.4073750172,0.0188906567,0.0044947096
1.9612618257,1.5080882822,-1.7649231167,-2.6912063657,2.8962814973,2.5767020876,2.407389693,0.0188906567,0.0044947096
1.9612608269,1.5080584158,-1.7649980013,-2.6911909212,2.8961881198,2.5767088806,2.4074053651,0.0188906567,0.0044947096
1.9612597627,1.5080265892,-1.7650777981,-2.6911744612,2.8960886161,2.5767161205,2.407422066,0.0188906567,0.0044947096
1.9612586309,1.5079927405,-1.7651626622,-2.6911569531,2.8959827926,2.5767238216,2.4074398282,0.0188906567,0.0044947096
1.9612574296,1.5079568075,-1.7652527485,-2.6911383644,2.8958704558,2.576731998,2.4074586845,0.0188906567,0.0044947096
1.9612561566,1.5079187283,-1.7653482117,-2.6911186627,2.8957514126,2.5767406643,2.4074786673,0.0188906567,0.0044947096
1.96125481,1.507878441,-1.7654492064,-2.6910978152,2.8956254701,2.5767498347,2.4074998093,0.0188906567,0.0044947096
1.9612533877,1.5078358839,-1.7655558863,-2.6910757896,2.895492436,2.5767595237,2.4075221428,0.0188906567,0.0044947096
1.9612518876,1.5077909955,-1.765668405,-2.6910525532,2.8953521187,2.5767697455,2.4075457003,0.0188906567,0.0044947096
1.9612503078,1.5077437146,-1.7657869146,-2.6910280736,2.8952043281,2.5767805144,2.4075705139,0.0188906567,0.0044947096
1.9612486464,1.5076939809,-1.7659115655,-2.6910023187,2.8950488761,2.5767918448,2.4075966155,0.0188906567,0.0044947096
1.9612469013,1.5076417349,-1.7660425048,-2.6909752567,2.8948855786,2.5768037506,2.4076240362,0.0188906567,0.0044947096
1.9612450706,1.5075869185,-1.7661798769,-2.6909468563,2.8947142552,2.5768162457,2.4076528068,0.0188906567,0.0044947096
1.9612431526,1.507529474,-1.7663238246,-2.6909170861,2.8945347268,2.5768293439,2.4076829578,0.0188906567,0.0044947096
1.9612411454,1.507469344,-1.7664744898,-2.6908859148,2.8943468159,2.5768430592,2.4077145195,0.0188906567,0.0044947096
1.9612390471,1.5074064713,-1.7666320126,-2.6908533108,2.8941503465,2.5768574056,2.407747522,0.0188906567,0.0044947096
1.961236856,1.5073407996,-1.7667965316,-2.6908192423,2.8939451445,2.5768723972,2.4077819954,0.0188906567,0.0044947096
1.9612345704,1.5072722726,-1.7669681835,-2.6907836774,2.8937310382,2.5768880483,2.4078179693,0.0188906567,0.0044947096
1.9612321886,1.5072008349,-1.7671471027,-2.6907465836,2.8935078578,2.5769043734,2.4078554735,0.0188906567,0.0044947096
1.9612297089,1.5071264312,-1.7673334217,-2.6907079279,2.893275436,2.5769213873,2.4078945374,0.0188906567,0.0044947096
1.9612271301,1.5070490134,-1.7675272536,-2.6906676796,2.8930336286,2.5769391038,2.4079351869,0.0188906567,0.0044947096
1.9612244516,1.5069685538,-1.7677286584,-2.6906258173,2.8927823573,2.5769575329,2.4079774376,0.0188906567,0.0044947096
1.961221674,1.5068850611,-1.7679376022,-2.6905823362,2.8925216595,2.5769766773,2.4080212859,0.0188906567,0.0044947096
1.9612187979,1.5067985302,-1.7681540821,-2.6905372218,2.8922515328,2.576996544,2.4080667359,0.0188906567,0.0044947096
1.9612158239,1.506708958,-1.7683780867,-2.6904904581,2.8919719839,2.5770171411,2.4081137911,0.0188906567,0.0044947096
1.9612127522,1.5066163279,-1.7686096358,-2.6904420201,2.8916829795,2.5770384807,2.4081624622,0.0188906567,0.0044947096
1.9612095838,1.5065206472,-1.7688486915,-2.6903918972,2.8913845593,2.5770605682,2.4082127472,0.0188906567,0.0044947096
1.9612063202,1.5064219438,-1.7690951732,-2.6903400958,2.8910768197,2.5770834015,2.4082646325,0.0188906567,0.0044947096
1.961202961,1.5063202003,-1.7693491201,-2.6902866041,2.8907597098,2.577106986,2.4083181275,0.0188906567,0.0044947096
1.9611995059,1.5062154121,-1.7696105452,-2.6902314208,2.8904332139,2.5771313221,2.4083732348,0.0188906567,0.0044947096
1.9611959551,1.5061075813,-1.769879446,-2.6901745496,2.8900973365,2.5771564081,2.4084299528,0.0188906567,0.0044947096
1.9611923084,1.5059967134,-1.7701558126,-2.690115996,2.8897520913,2.5771822413,2.4084882785,0.0188906567,0.0044947096
1.9611885661,1.5058828143,-1.7704396322,-2.6900557651,2.8893974949,2.5772088193,2.4085482084,0.0188906567,0.0044947096
1.9611847283,1.5057658897,-1.7707308921,-2.6899938612,2.8890335638,2.5772361403,2.4086097394,0.0188906567,0.0044947096
1.9611807952,1.5056459447,-1.7710295803,-2.6899302872,2.8886603134,2.5772642029,2.4086728689,0.0188906567,0.0044947096
1.9611767669,1.5055229834,-1.7713356854,-2.6898650448,2.8882777572,2.5772930064,2.4087375948,0.0188906567,0.0044947096
1.9611726436,1.5053970091,-1.7716491973,-2.6897981342,2.8878859074,2.5773225508,2.4088039156,0.0188906567,0.0044947096
1.9611684257,1.5052680244,-1.7719701062,-2.6897295544,2.8874847746,2.5773528367,2.4088718302,0.0188906567,0.0044947096
1.9611641132,1.5051360311,-1.7722984031,-2.689659303,2.8870743684,2.5773838653,2.408941338,0.0188906567,0.0044947096
1.9611597065,1.5050010302,-1.7726340795,-2.6895873764,2.8866546972,2.5774156386,2.4090124392,0.0188906567,0.0044947096
1.9611552059,1.5048630221,-1.772977127,-2.6895137691,2.8862257683,2.5774481593,2.4090851342,0.0188906567,0.0044947096
1.9611506117,1.504722006,-1.7733275382,-2.6894384741,2.8857875876,2.5774814309,2.4091594242,0.0188906567,0.0044947096
1.9611459244,1.5045779801,-1.7736853066,-2.6893614821,2.8853401584,2.5775154581,2.4092353115,0.0188906567,0.0044947096
1.9611411444,1.5044309409,-1.774050428,-2.6892827815,2.8848834812,2.5775502465,2.409312799,0.0188906567,0.0044947096
1.9611362721,1.5042808828,-1.7744229002,-2.6892023583,2.8844175522,2.577585803,2.4093918911,0.0188906567,0.0044947096
1.961131308,1.5041277985,-1.774802724,-2.6891201956,2.8839423635,2.5776221361,2.4094725936,0.0188906567,0.0044947096
1.9611262528,1.5039716782,-1.7751899037,-2.6890362739,2.8834579018,2.5776592551,2.4095549133,0.0188906567,0.0044947096
1.9611211068,1.5038125103,-1.7755844471,-2.6889505716,2.8829641489,2.5776971705,2.4096388587,0.0188906567,0.0044947096
1.9611158707,1.5036502811,-1.7759863656,-2.6888630656,2.8824610814,2.5777358936,2.4097244391,0.0188906567,0.0044947096
1.9611105449,1.5034849761,-1.7763956734,-2.6887737325,2.881948673,2.5777754357,2.4098116642,0.0188906567,0.0044947096
1.9611051308,1.5033166077,-1.7768123201,-2.6886825655,2.8814269787,2.5778158007,2.4099005296,0.0188906567,0.0044947096
1.9610996301,1.5031452057,-1.7772362158,-2.6885895695,2.8808961045,2.5778569871,2.4099910212,0.0188906567,0.0044947096
1.9610940435,1.5029707728,-1.7776673395,-2.688494736,2.8803560709,2.5778989993,2.410083139,0.0188906567,0.0044947096
1.9610883714,1.5027933018,-1.7781056972,-2.6883980531,2.8798068656,2.577941843,2.410176888,0.0188906567,0.0044947096
1.9610826141,1.5026127871,-1.7785512929,-2.6882995113,2.8792484796,2.577985523,2.4102722723,0.0188906567,0.0044947096
1.9610767718,1.5024292252,-1.7790041276,-2.6881991036,2.8786809084,2.5780300425,2.4103692944,0.0188906567,0.0044947096
1.9610708451,1.5022426231,-1.7794641783,-2.68809683,2.8781041787,2.5780754019,2.4104679511,0.0188906567,0.0044947096
1.9610648354,1.5020530231,-1.7799313373,-2.6879927109,2.8775184239,2.5781215922,2.4105682206,0.0188906567,0.0044947096
1.9610587451,1.5018604947,-1.7804054305,-2.6878867829,2.8769238614,2.5781685974,2.4106700663,0.0188906567,0.0044947096
1.9610525775,1.5016651419,-1.7808862003,-2.687779102,2.8763208134,2.5782163928,2.4107734334,0.0188906567,0.0044947096
1.9610463368,1.5014670917,-1.7813733322,-2.6876697368,2.8757096738,2.5782649478,2.4108782547,0.0188906567,0.0044947096
1.9610400269,1.501266469,-1.7818665159,-2.6875587539,2.8750908306,2.5783142331,2.4109844645,0.0188906567,0.0044947096
1.9610336519,1.5010633953,-1.7823654473,-2.6874462168,2.8744646632,2.5783642207,2.4110919989,0.0188906567,0.0044947096
1.9610272158,1.5008579873,-1.7828698316,-2.6873321848,2.8738315383,2.5784148848,2.4112007969,0.0188906567,0.0044947096
1.9610207223,1.5006503413,-1.7833794213,-2.6872167033,2.873191762,2.5784662054,2.4113108089,0.0188906567,0.0044947096
1.9610141741,1.5004405206,-1.7838940449,-2.6870997974,2.8725455431,2.5785181722,2.4114220027,0.0188906567,0.0044947096
1.9610075749,1.5002286156,-1.7844134648,-2.6869815065,2.8718931732,2.5785707683,2.4115343325,0.0188906567,0.0044947096
1.961000929,1.5000147368,-1.7849373933,-2.6868618817,2.8712350065,2.5786239716,2.4116477413,0.0188906567,0.0044947096
1.9609942408,1.4997989954,-1.7854655423,-2.6867409755,2.8705713986,2.5786777593,2.4117621719,0.0188906567,0.0044947096
1.9609875145,1.4995815045,-1.785997622,-2.686618843,2.869902708,2.5787321076,2.411877566,0.0188906567,0.0044947096
1.9609807543,1.499362379,-1.786533341,-2.686495543,2.8692292964,2.5787869905,2.4119938637,0.0188906567,0.0044947096
1.9609739643,1.4991417365,-1.7870724063,-2.6863711389,2.8685515299,2.57884238,2.4121110035,0.0188906567,0.0044947096
1.9609671484,1.4989196981,-1.7876145213,-2.6862456997,2.8678697807,2.5788982454,2.4122289213,0.0188906567,0.0044947096
1.9609603105,1.49869639,-1.7881593823,-2.6861193012,2.8671844324,2.5789545526,2.4123475499,0.0188906567,0.0044947096
1.9609534544,1.4984719466,-1.7887066715,-2.6859920278,2.8664958887,2.5790112635,2.412466817,0.0188906567,0.0044947096
1.9609465842,1.4982465142,-1.789256046,-2.6858639735,2.8658045865,2.5790683357,2.4125866437,0.0188906567,0.0044947096
1.960939703,1.4980202169,-1.7898072183,-2.6857352198,2.8651108933,2.5791257321,2.4127069628,0.0188906567,0.0044947096
1.9609328137,1.4977931591,-1.7903599429,-2.6856058328,2.8644151219,2.5791834229,2.4128277178,0.0188906567,0.0044947096
1.9609259208,1.4975654917,-1.7909138531,-2.6854758989,2.8637177343,2.5792413695,2.4129488284,0.0188906567,0.0044947096
1.9609190285,1.4973373541,-1.7914686077,-2.685345495,2.863019159,2.5792995378,2.4130702207,0.0188906567,0.0044947096
1.9609121409,1.4971088793,-1.7920238798,-2.6852146945,2.8623198066,2.5793578951,2.413191824,0.0188906567,0.0044947096
1.9609052619,1.4968801986,-1.7925793488,-2.6850835704,2.8616200803,2.579416409,2.4133135686,0.0188906567,0.0044947096
1.9608983954,1.4966514434,-1.793134696,-2.6849521977,2.860920382,2.5794750461,2.4134353842,0.0188906567,0.0044947096
1.960891545,1.4964227461,-1.7936896023,-2.684820653,2.8602211147,2.5795337721,2.4135571999,0.0188906567,0.0044947096
1.9608847144,1.4961942395,-1.7942437496,-2.6846890148,2.8595226813,2.5795925519,2.4136789446,0.0188906567,0.0044947096
1.9608779071,1.4959660553,-1.7947968236,-2.6845573618,2.8588254802,2.5796513501,2.4138005472,0.0188906567,0.0044947096
1.9608711268,1.495738321,-1.7953485202,-2.68442577,2.8581298967,2.5797101326,2.4139219393,0.0188906567,0.0044947096
1.9608643767,1.4955111533,-1.7958985567,-2.684294307,2.8574362875,2.5797688692,2.4140430586,0.0188906567,0.0044947096
1.9608576597,1.4952846316,-1.7964467327,-2.6841630133,2.8567449019,2.5798275423,2.4141638636,0.0188906567,0.0044947096
1.9608509763,1.4950587349,-1.7969930785,-2.684031864,2.8560556926,2.5798861635,2.4142843679,0.0188906567,0.0044947096
1.9608443275,1.4948334444,-1.7975376147,-2.6839008328,2.8553686232,2.5799447457,2.4144045845,0.0188906567,0.0044947096
1.9608377172,1.4946088546,-1.7980800948,-2.6837699639,2.8546839966,2.5800032696,2.4145244652,0.0188906567,0.0044947096
1.96083115,1.4943851007,-1.7986201818,-2.6836393309,2.8540022339,2.5800617028,2.414643939,0.0188906567,0.0044947096
1.9608246306,1.4941623251,-1.7991575288,-2.6835090157,2.8533237709,2.5801200086,2.4147629305,0.0188906567,0.0044947096
1.9608181632,1.4939406739,-1.7996917859,-2.6833791066,2.8526490505,2.5801781475,2.4148813617,0.0188906567,0.0044947096
1.960811752,1.4937202956,-1.8002226018,-2.6832496964,2.8519785189,2.5802360775,2.4149991527,0.0188906567,0.0044947096
1.960805401,1.4935013408,-1.8007496247,-2.6831208816,2.851312625,2.5802937549,2.415116222,0.0188906567,0.0044947096
1.960799114,1.4932839615,-1.8012725021,-2.6829927617,2.8506518196,2.5803511348,2.415232487,0.0188906567,0.0044947096
1.9607928949,1.4930683109,-1.8017908806,-2.6828654378,2.8499965554,2.5804081711,2.4153478643,0.0188906567,0.0044947096
1.9607867474,1.4928545424,-1.802304407,-2.6827390114,2.8493472854,2.5804648179,2.4154622705,0.0188906567,0.0044947096
1.9607806744,1.4926427816,-1.8028127945,-2.6826135674,2.8487043784,2.5805210363,2.4155756366,0.0188906567,0.0044947096
1.9607746784,1.4924331365,-1.8033157981,-2.6824891793,2.8480681502,2.5805767931,2.4156879035,0.0188906567,0.0044947096
1.9607687626,1.4922257415,-1.8038131052,-2.6823659334,2.8474390003,2.5806320489,2.4157989982,0.0188906567,0.0044947096
1.9607629308,1.4920207401,-1.8043043789,-2.6822439199,2.8468173582,2.5806867633,2.4159088429,0.0188906567,0.0044947096
1.9607571868,1.4918182725,-1.804789288,-2.6821232253,2.8462036449,2.5807408972,2.416017362,0.0188906567,0.0044947096
1.9607515342,1.4916184759,-1.8052675073,-2.6820039332,2.8455982733,2.580794413,2.4161244817,0.0188906567,0.0044947096
1.9607459764,1.491421476,-1.805738738,-2.6818861201,2.8450016228,2.5808472762,2.4162301342,0.0188906567,0.0044947096
1.9607405159,1.4912273632,-1.8062027671,-2.6817698415,2.8444139643,2.5808994619,2.4163342709,0.0188906567,0.0044947096
1.9607351542,1.4910361995,-1.8066594492,-2.6816551372,2.8438354831,2.5809509521,2.4164368581,0.0188906567,0.0044947096
1.9607298918,1.4908480126,-1.8071087241,-2.6815420271,2.8432662581,2.5810017376,2.4165378803,0.0188906567,0.0044947096
1.9607247285,1.4906628059,-1.8075505906,-2.6814305184,2.8427062938,2.581051815,2.416637335,0.0188906567,0.0044947096
1.9607196639,1.4904805841,-1.8079850463,-2.6813206197,2.8421555969,2.5811011799,2.4167352187,0.0188906567,0.0044947096
1.9607146978,1.490301354,-1.8084120861,-2.6812123426,2.8416141784,2.5811498269,2.4168315267,0.0188906567,0.0044947096
1.9607098297,1.4901251267,-1.8088316969,-2.681105703,2.8410820607,2.5811977482,2.4169262517,0.0188906567,0.0044947096
1.9607050598,1.4899519336,-1.80924382,-2.6810007302,2.840559325,2.58124493,2.417019375,0.0188906567,0.0044947096
1.9607003888,1.489781838,-1.8096483217,-2.6808974744,2.8400461482,2.5812913491,2.4171108608,0.0188906567,0.0044947096
1.9606958168,1.4896148763,-1.8100451369,-2.6807959718,2.839542622,2.5813369885,2.4172006872,0.0188906567,0.0044947096
1.9606913429,1.4894510639,-1.8104342522,-2.6806962467,2.8390487734,2.5813818364,2.4172888434,0.0188906567,0.0044947096
1.9606869663,1.4892904149,-1.8108156572,-2.6805983229,2.8385646255,2.5814258812,2.4173753193,0.0188906567,0.0044947096
1.9606826861,1.4891329415,-1.8111893452,-2.6805022219,2.8380901963,2.5814691125,2.417460106,0.0188906567,0.0044947096
1.9606785014,1.4889786533,-1.8115553131,-2.6804079628,2.8376254984,2.581511521,2.4175431958,0.0188906567,0.0044947096
1.9606744116,1.4888275579,-1.8119135611,-2.6803155615,2.8371705395,2.5815530988,2.4176245829,0.0188906567,0.0044947096
1.9606704159,1.4886796608,-1.8122640919,-2.6802250312,2.8367253226,2.5815938394,2.4177042624,0.0188906567,0.0044947096
1.9606665136,1.4885349652,-1.8126069106,-2.6801363826,2.8362898472,2.5816337376,2.4177822312,0.0188906567,0.0044947096
1.9606627042,1.4883934732,-1.8129420237,-2.6800496237,2.8358641096,2.5816727894,2.4178584869,0.0188906567,0.0044947096
1.9606589873,1.4882551853,-1.8132694386,-2.6799647606,2.8354481045,2.5817109918,2.4179330282,0.0188906567,0.0044947096
1.9606553624,1.4881201015,-1.8135891628,-2.6798817978,2.8350418253,2.5817483423,2.4180058544,0.0188906567,0.0044947096
1.9606518292,1.4879882206,-1.8139012044,-2.6798007381,2.8346452643,2.5817848397,2.4180769653,0.0188906567,0.0044947096
1.9606483874,1.487859541,-1.8142055713,-2.6797215831,2.8342584129,2.5818204829,2.4181463615,0.0188906567,0.0044947096
1.9606450368,1.4877340602,-1.8145022722,-2.6796443331,2.8338812616,2.5818552719,2.418214044,0.0188906567,0.0044947096
1.9606417773,1.4876117751,-1.8147913158,-2.6795689869,2.8335137997,2.581889207,2.4182800144,0.0188906567,0.0044947096
1.9606386087,1.4874926817,-1.8150727115,-2.6794955424,2.8331560153,2.5819222893,2.4183442747,0.0188906567,0.0044947096
1.9606355311,1.4873767756,-1.8153464687,-2.6794239961,2.8328078958,2.5819545203,2.4184068275,0.0188906567,0.0044947096
1.9606325444,1.487264052,-1.8156125966,-2.6793543438,2.8324694288,2.5819859021,2.4184676758,0.0188906567,0.0044947096
1.9606296488,1.4871545066,-1.8158711018,-2.679286581,2.8321406042,2.5820164366,2.4185268221,0.0188906567,0.0044947096
1.9606268444,1.4870481377,-1.8161219852,-2.6792207046,2.8318214194,2.5820461255,2.4185842679,0.0188906567,0.0044947096
1.9606241314,1.4869449492,-1.8163652354,-2.679156716,2.8315118879,2.5820749682,2.4186400113,0.0188906567,0.0044947096
1.9606215103,1.4868449567,-1.8166008176,-2.6790946263,2.831212055,2.5821029596,2.4186940436,0.0188906567,0.0044947096
1.9606189818,1.4867482151,-1.8168286129,-2.6790344759,2.8309220764,2.5821300811,2.4187463342,0.0188906567,0.0044947096
1.9606165491,1.4866548804,-1.8170482699,-2.6789763721,2.8306424065,2.5821562838,2.4187967969,0.0188906567,0.0044947096
1.960614215,1.4865651051,-1.8172594517,-2.6789204237,2.8303734838,2.5821815178,2.4188453465,0.0188906567,0.0044947096
1.9606119784,1.4864789058,-1.8174621439,-2.6788666559,2.8301153377,2.582205771,2.4188919713,0.0188906567,0.0044947096
1.9606098366,1.4863962172,-1.8176565199,-2.6788150405,2.8298677559,2.5822290554,2.4189367044,0.0188906567,0.0044947096
1.9606077865,1.486316963,-1.8178427746,-2.6787655393,2.8296304972,2.5822513877,2.4189795852,0.0188906567,0.0044947096
1.9606058255,1.4862410652,-1.8180211029,-2.6787181109,2.8294033183,2.5822727862,2.4190206544,0.0188906567,0.0044947096
1.960603951,1.4861684451,-1.8181916988,-2.6786727117,2.8291859762,2.5822932701,2.4190599538,0.0188906567,0.0044947096
1.9606021607,1.4860990243,-1.8183547539,-2.678629297,2.8289782302,2.5823128596,2.4190975248,0.0188906567,0.0044947096
1.9606004521,1.4860327247,-1.8185104565,-2.6785878215,2.8287798423,2.5823315748,2.419133409,0.0188906567,0.0044947096
1.9605988229,1.4859694693,-1.8186589927,-2.6785482395,2.8285905777,2.5823494361,2.4191676477,0.0188906567,0.0044947096
1.9605972711,1.4859091813,-1.818800546,-2.6785105053,2.8284102043,2.5823664641,2.4192002819,0.0188906567,0.0044947096
1.9605957945,1.4858517847,-1.8189352977,-2.6784745733,2.8282384921,2.5823826793,2.4192313524,0.0188906567,0.0044947096
1.9605943909,1.4857972042,-1.8190634274,-2.6784403977,2.8280752135,2.5823981023,2.4192608998,0.0188906567,0.0044947096
1.9605930584,1.4857453647,-1.8191851133,-2.6784079327,2.8279201423,2.5824127535,2.4192889644,0.0188906567,0.0044947096
1.9605917949,1.485696192,-1.8193005314,-2.6783771329,2.8277730549,2.5824266536,2.4193155862,0.0188906567,0.0044947096
1.9605905985,1.4856496132,-1.8194098539,-2.6783479536,2.8276337326,2.5824398225,2.4193408045,0.0188906567,0.0044947096
1.9605894672,1.4856055568,-1.8195132502,-2.6783203508,2.8275019602,2.5824522802,2.4193646579,0.0188906567,0.0044947096
1.9605883992,1.4855639519,-1.8196108877,-2.6782942807,2.8273775244,2.5824640463,2.4193871846,0.0188906567,0.0044947096
1.9605873926,1.4855247279,-1.8197029333,-2.6782696996,2.8272602135,2.5824751405,2.4194084227,0.0188906567,0.0044947096
1.9605864455,1.4854878144,-1.8197895528,-2.678246564,2.827149816,2.5824855825,2.4194284103,0.0188906567,0.0044947096
1.9605855561,1.485453141,-1.8198709121,-2.6782248303,2.8270461213,2.5824953918,2.4194471853,0.0188906567,0.0044947096
1.9605847226,1.4854206376,-1.8199471766,-2.6782044549,2.8269489187,2.5825045883,2.4194647857,0.0188906567,0.0044947096
1.9605839431,1.4853902341,-1.8200185114,-2.6781853941,2.826857998,2.5825131914,2.4194812493,0.0188906567,0.0044947096
1.9605832157,1.4853618602,-1.8200850817,-2.6781676043,2.8267731489,2.582521221,2.4194966142,0.0188906567,0.0044947096
1.9605825387,1.4853354459,-1.8201470523,-2.6781510419,2.8266941614,2.5825286966,2.4195109182,0.0188906567,0.0044947096
1.9605819103,1.4853109212,-1.820204588,-2.6781356632,2.8266208259,2.582535638,2.4195241991,0.0188906567,0.0044947096
1.9605813285,1.485288216,-1.8202578535,-2.6781214245,2.8265529327,2.582542065,2.4195364949,0.0188906567,0.0044947096
1.9605807917,1.4852672604,-1.820307013,-2.6781082822,2.8264902723,2.582547997,2.4195478433,0.0188906567,0.0044947096
1.960580298,1.4852479846,-1.8203522309,-2.6780961926,2.8264326355,2.582553454,2.4195582822,0.0188906567,0.0044947096
1.9605798456,1.4852303186,-1.8203936713,-2.6780851121,2.8263798133,2.5825584555,2.4195678494,0.0188906567,0.0044947096
1.9605794326,1.4852141927,-1.8204314982,-2.678074997,2.8263315965,2.5825630213,2.4195765827,0.0188906567,0.0044947096
1.9605790574,1.485199537,-1.8204658756,-2.6780658036,2.8262877765,2.582567171,2.4195845199,0.0188906567,0.0044947096
1.9605787181,1.4851862818,-1.8204969673,-2.6780574884,2.8262481443,2.5825709244,2.4195916987,0.0188906567,0.0044947096
1.9605784128,1.4851743573,-1.8205249371,-2.6780500076,2.8262124914,2.5825743012,2.4195981568,0.0188906567,0.0044947096
1.9605781399,1.4851636937,-1.8205499487,-2.6780433175,2.8261806089,2.5825773211,2.4196039321,0.0188906567,0.0044947096
1.9605778975,1.4851542213,-1.8205721661,-2.6780373745,2.8261522882,2.5825800037,2.4196090623,0.0188906567,0.0044947096
1.9605776838,1.4851458703,-1.820591753,-2.6780321348,2.8261273204,2.5825823689,2.4196135853,0.0188906567,0.0044947096
1.960577497,1.4851385707,-1.8206088733,-2.6780275547,2.8261054966,2.5825844363,2.4196175388,0.0188906567,0.0044947096
1.9605773353,1.4851322528,-1.8206236913,-2.6780235903,2.8260866077,2.5825862258,2.4196209607,0.0188906567,0.0044947096
1.960577197,1.4851268463,-1.8206363711,-2.6780201978,2.8260704442,2.5825877572,2.4196238889,0.0188906567,0.0044947096
1.9605770803,1.4851222814,-1.8206470773,-2.6780173332,2.8260567965,2.5825890503,2.4196263613,0.0188906567,0.0044947096
1.9605769832,1.4851184876,-1.8206559747,-2.6780149525,2.8260454545,2.582590125,2.4196284161,0.0188906567,0.0044947096
1.9605769041,1.4851153945,-1.8206632286,-2.6780130114,2.8260362075,2.5825910013,2.4196300914,0.0188906567,0.0044947096
1.9605768411,1.4851129316,-1.8206690046,-2.6780114657,2.8260288444,2.582591699,2.4196314254,0.0188906567,0.0044947096
1.9605767924,1.4851110279,-1.8206734692,-2.6780102709,2.8260231531,2.5825922383,2.4196324566,0.0188906567,0.0044947096
1.9605767562,1.4851096121,-1.8206767892,-2.6780093824,2.8260189208,2.5825926394,2.4196332234,0.0188906567,0.0044947096
1.9605767307,1.4851086129,-1.8206791326,-2.6780087552,2.8260159335,2.5825929226,2.4196337646,0.0188906567,0.0044947096
1.9605767139,1.485107958,-1.8206806684,-2.6780083441,2.8260139757,2.5825931081,2.4196341194,0.0188906567,0.0044947096
1.9605767041,1.4851075748,-1.8206815668,-2.6780081036,2.8260128303,2.5825932167,2.4196343269,0.0188906567,0.0044947096
1.9605766994,1.4851073903,-1.8206819996,-2.6780079878,2.8260122786,2.582593269,2.4196344268,0.0188906567,0.0044947096
1.9605766979,1.4851073306,-1.8206821394,-2.6780079504,2.8260121003,2.5825932859,2.4196344591,0.0188906567,0.0044947096
1.9605766977,1.4851073245,-1.8206821539,-2.6780079465,2.8260120819,2.5825932876,2.4196344625,0.0188906567,0.0044947096
1.9605766977,1.4851073241,-1.8206821549,-2.6780079462,2.8260120807,2.5825932877,2.4196344627,0.0188906567,0.0044947096
1.9605766977,1.4851073238,-1.8206821555,-2.6780079461,2.8260120798,2.5825932878,2.4196344629,0.0188906567,0.0044947096
1.9605766977,1.4851073238,-1.8206821555,-2.6780079461,2.8260120798,2.5825932878,2.4196344629,0.0188906567,0.0044947096
1.9605766977,1.4851073238,-1.8206821555,-2.6780079461,2.8260120798,2.5825932878,2.4196344629,0.0188906567,0.0044947096
1.9605766977,1.4851073238,-1.8206821555,-2.6780079461,2.8260120798,2.5825932878,2.4196344629,0.0188906567,0.0044947096
1.9605766977,1.4851073238,-1.8206821555,-2.6780079461,2.8260120798,2.5825932878,2.4196344629,0.0188906567,0.0044947096
1.9605766977,1.4851073238,-1.8206821555,-2.6780079461,2.8260120798,2.5825932878,2.4196344629,0.0188906567,0.0044947096
1.9605766977,1.4851073238,-1.8206821555,-2.6780079461,2.8260120798,2.5825932878,2.4196344629,0.0188906567,0.0044947096
1.9605766977,1.4851073238,-1.8206821555,-2.6780079461,2.8260120798,2.5825932878,2.4196344629,0.0188906567,0.0044947096
1.9605766977,1.4851073238,-1.8206821555,-2.6780079461,2.8260120798,2.5825932878,2.4196344629,0.0188906567,0.0044947096
1.9605766977,1.4851073238,-1.8206821555,-2.6780079461,2.8260120798,2.5825932878,2.4196344629,0.0188906567,0.0044947096
1.9605766977,1.4851073238,-1.8206821555,-2.6780079461,2.8260120798,2.5825932878,2.4196344629,0.0188906567,0.0044947096
1.9605766977,1.4851073238,-1.8206821555,-2.6780079461,2.8260120798,2.5825932878,2.4196344629,0.0188906567,0.0044947096
1.9605766977,1.4851073238,-1.8206821555,-2.6780079461,2.8260120798,2.5825932878,2.4196344629,0.0188906567,0.0044947096
1.9605766977,1.4851073238,-1.8206821555,-2.6780079461,2.8260120798,2.5825932878,2.4196344629,0.0188906567,0.0044947096
1.9605766977,1.4851073238,-1.8206821555,-2.6780079461,2.8260120798,2.5825932878,2.4196344629,0.0188906567,0.0044947096
1.9605766977,1.4851073238,-1.8206821555,-2.6780079461,2.8260120798,2.5825932878,2.4196344629,0.0188906567,0.0044947096
1.9605766977,1.4851073238,-1.8206821555,-2.6780079461,2.8260120798,2.5825932878,2.4196344629,0.0188906567,0.0044947096
1.9605766977,1.4851073238,-1.8206821555,-2.6780079461,2.8260120798,2.5825932878,2.4196344629,0.0188906567,0.0044947096
1.9605766977,1.4851073238,-1.8206821555,-2.6780079461,2.8260120798,2.5825932878,2.4196344629,0.0188906567,0.0044947096
1.9605766977,1.4851073238,-1.8206821555,-2.6780079461,2.8260120798,2.5825932878,2.4196344629,0.0188906567,0.0044947096
1.9605766977,1.4851073238,-1.8206821555,-2.6780079461,2.8260120798,2.5825932878,2.4196344629,0.0188906567,0.0044947096
1.9605766977,1.4851073238,-1.8206821555,-2.6780079461,2.8260120798,2.5825932878,2.4196344629,0.0188906567,0.0044947096
1.9605766977,1.4851073238,-1.8206821555,-2.6780079461,2.8260120798,2.5825932878,2.4196344629,0.0188906567,0.0044947096
1.9605766977,1.4851073238,-1.8206821555,-2.6780079461,2.8260120798,2.5825932878,2.4196344629,0.0188906567,0.0044947096
1.9605766977,1.4851073238,-1.8206821555,-2.6780079461,2.8260120798,2.5825932878,2.4196344629,0.0188906567,0.0044947096
1.9605766977,1.4851073238,-1.8206821555,-2.6780079461,2.8260120798,2.5825932878,2.4196344629,0.0188906567,0.0044947096
1.9605766977,1.4851073238,-1.8206821555,-2.6780079461,2.8260120798,2.5825932878,2.4196344629,0.0188906567,0.0044947096
1.9605766977,1.4851073238,-1.8206821555,-2.6780079461,2.8260120798,2.5825932878,2.4196344629,0.0188906567,0.0044947096
1.9605766977,1.4851073238,-1.8206821555,-2.6780079461,2.8260120798,2.5825932878,2.4196344629,0.0188906567,0.0044947096
1.9605766977,1.4851073238,-1.8206821555,-2.6780079461,2.8260120798,2.5825932878,2.4196344629,0.0188906567,0.0044947096
1.9605766977,1.4851073238,-1.8206821555,-2.6780079461,2.8260120798,2.5825932878,2.4196344629,0.0188906567,0.0044947096
1.9605766977,1.4851073238,-1.8206821555,-2.6780079461,2.8260120798,2.5825932878,2.4196344629,0.0188906567,0.0044947096
1.9605766977,1.4851073238,-1.8206821555,-2.6780079461,2.8260120798,2.5825932878,2.4196344629,0.0188906567,0.0044947096
1.9605766977,1.4851073238,-1.8206821555,-2.6780079461,2.8260120798,2.5825932878,2.4196344629,0.0188906567,0.0044947096
1.9605766977,1.4851073238,-1.8206821555,-2.6780079461,2.8260120798,2.5825932878,2.4196344629,0.0188906567,0.0044947096
1.9605766977,1.4851073238,-1.8206821555,-2.6780079461,2.8260120798,2.5825932878,2.4196344629,0.0188906567,0.0044947096
1.9605766977,1.4851073238,-1.8206821555,-2.6780079461,2.8260120798,2.5825932878,2.4196344629,0.0188906567,0.0044947096
1.9605766977,1.4851073238,-1.8206821555,-2.6780079461,2.8260120798,2.5825932878,2.4196344629,0.0188906567,0.0044947096
1.9605766977,1.4851073238,-1.8206821555,-2.6780079461,2.8260120798,2.5825932878,2.4196344629,0.0188906567,0.0044947096
1.9605766977,1.4851073238,-1.8206821555,-2.6780079461,2.8260120798,2.5825932878,2.4196344629,0.0188906567,0.0044947096
1.9605766977,1.4851073238,-1.8206821555,-2.6780079461,2.8260120798,2.5825932878,2.4196344629,0.0188906567,0.0044947096
1.9605766977,1.4851073238,-1.8206821555,-2.6780079461,2.8260120798,2.5825932878,2.4196344629,0.0188906567,0.0044947096
1.9605766977,1.4851073238,-1.8206821555,-2.6780079461,2.8260120798,2.5825932878,2.4196344629,0.0188906567,0.0044947096
1.9605766977,1.4851073238,-1.8206821555,-2.6780079461,2.8260120798,2.5825932878,2.4196344629,0.0188906567,0.0044947096
1.9605766977,1.4851073238,-1.8206821555,-2.6780079461,2.8260120798,2.5825932878,2.4196344629,0.0188906567,0.0044947096
1.9605766977,1.4851073238,-1.8206821555,-2.6780079461,2.8260120798,2.5825932878,2.4196344629,0.0188906567,0.0044947096
1.9605766977,1.4851073238,-1.8206821555,-2.6780079461,2.8260120798,2.5825932878,2.4196344629,0.0188906567,0.0044947096
1.9605766977,1.4851073238,-1.8206821555,-2.6780079461,2.8260120798,2.5825932878,2.4196344629,0.0188906567,0.0044947096
1.9605766977,1.4851073238,-1.8206821555,-2.6780079461,2.8260120798,2.5825932878,2.4196344629,0.0188906567,0.0044947096
1.9605766977,1.4851073238,-1.8206821555,-2.6780079461,2.8260120798,2.5825932878,2.4196344629,0.0188906567,0.0044947096
1.9605766977,1.4851073238,-1.8206821555,-2.6780079461,2.8260120798,2.5825932878,2.4196344629,0.0188906567,0.0044947096
1.9605766977,1.4851073238,-1.8206821555,-2.6780079461,2.8260120798,2.5825932878,2.4196344629,0.0188906567,0.0044947096
1.9605766977,1.4851073238,-1.8206821555,-2.6780079461,2.8260120798,2.5825932878,2.4196344629,0.0188906567,0.0044947096
1.9605766977,1.4851073238,-1.8206821555,-2.6780079461,2.8260120798,2.5825932878,2.4196344629,0.0188906567,0.0044947096
1.9605766977,1.4851073238,-1.8206821555,-2.6780079461,2.8260120798,2.5825932878,2.4196344629,0.0188906567,0.0044947096
1.9605766977,1.4851073238,-1.8206821555,-2.6780079461,2.8260120798,2.5825932878,2.4196344629,0.0188906567,0.0044947096
1.9605766977,1.4851073238,-1.8206821555,-2.6780079461,2.8260120798,2.5825932878,2.4196344629,0.0188906567,0.0044947096
1.9605766977,1.4851073238,-1.8206821555,-2.6780079461,2.8260120798,2.5825932878,2.4196344629,0.0188906567,0.0044947096
1.9605766977,1.4851073238,-1.8206821555,-2.6780079461,2.8260120798,2.5825932878,2.4196344629,0.0188906567,0.0044947096
1.9605767046,1.4851073247,-1.8206821569,-2.678007951,2.8260120783,2.5825932898,2.4196344633,0.0188906567,0.0044947096
1.9605768392,1.4851073424,-1.8206821845,-2.6780080475,2.826012049,2.5825933281,2.4196344721,0.0188906567,0.0044947096
1.9605773224,1.4851074061,-1.8206822835,-2.6780083937,2.8260119437,2.5825934658,2.4196345034,0.0188906567,0.0044947096
1.9605783956,1.4851075474,-1.8206825034,-2.6780091627,2.8260117099,2.5825937715,2.419634573,0.0188906567,0.0044947096
1.9605802287,1.4851077888,-1.820682879,-2.678010476,2.8260113106,2.5825942939,2.419634692,0.0188906567,0.0044947096
1.9605830273,1.4851081573,-1.8206834524,-2.678012481,2.8260107009,2.5825950914,2.4196348736,0.0188906567,0.0044947096
1.9605869842,1.4851086784,-1.8206842631,-2.6780153157,2.8260098388,2.5825962192,2.4196351304,0.0188906567,0.0044947096
1.9605922704,1.4851093745,-1.8206853462,-2.6780191026,2.8260086871,2.5825977259,2.4196354735,0.0188906567,0.0044947096
1.9605991212,1.4851102767,-1.8206867498,-2.6780240102,2.8260071944,2.5825996787,2.4196359182,0.0188906567,0.0044947096
1.9606078047,1.4851114203,-1.8206885288,-2.6780302305,2.8260053023,2.5826021542,2.419636482,0.0188906567,0.0044947096
1.9606185735,1.4851128386,-1.820690735,-2.6780379442,2.8260029559,2.5826052244,2.4196371812,0.0188906567,0.0044947096
1.9606316359,1.485114559,-1.8206934111,-2.6780473005,2.8260001095,2.5826089489,2.4196380295,0.0188906567,0.0044947096
1.9606471459,1.4851166017,-1.8206965886,-2.6780584096,2.8259967297,2.5826133716,2.4196390367,0.0188906567,0.0044947096
1.9606652343,1.4851189841,-1.8207002943,-2.6780713652,2.8259927879,2.58261853,2.4196402116,0.0188906567,0.0044947096
1.9606860277,1.4851217228,-1.820704554,-2.6780862577,2.8259882564,2.5826244603,2.4196415622,0.0188906567,0.0044947096
1.960709696,1.4851248402,-1.8207094027,-2.6781032087,2.8259830983,2.582631211,2.4196430998,0.0188906567,0.0044947096
1.9607364798,1.4851283681,-1.8207148895,-2.6781223905,2.8259772611,2.5826388509,2.4196448399,0.0188906567,0.0044947096
1.9607666514,1.4851323422,-1.8207210702,-2.6781439978,2.8259706853,2.5826474579,2.4196468004,0.0188906567,0.0044947096
1.9608004638,1.485136796,-1.8207279966,-2.6781682116,2.8259633158,2.5826571042,2.4196489976,0.0188906567,0.0044947096
1.9608381524,1.4851417605,-1.8207357169,-2.6781952004,2.8259551011,2.5826678574,2.419651447,0.0188906567,0.0044947096
1.9608799535,1.4851472668,-1.8207442796,-2.6782251332,2.8259459898,2.5826797849,2.4196541639,0.0188906567,0.0044947096
1.9609261071,1.4851533465,-1.8207537336,-2.6782581816,2.8259359295,2.5826929555,2.4196571641,0.0188906567,0.0044947096
1.960976853,1.4851600314,-1.8207641282,-2.6782945172,2.8259248678,2.5827074378,2.4196604631,0.0188906567,0.0044947096
1.9610324296,1.4851673527,-1.8207755121,-2.6783343103,2.8259127526,2.5827233002,2.4196640766,0.0188906567,0.0044947096
1.9610930736,1.4851753418,-1.8207879337,-2.6783777301,2.8258995323,2.5827406105,2.41966802,0.0188906567,0.0044947096
1.9611590219,1.4851840298,-1.8208014416,-2.6784249461,2.8258851552,2.5827594365,2.4196723088,0.0188906567,0.0044947096
1.9612305113,1.485193448,-1.8208160842,-2.6784761274,2.8258695695,2.5827798462,2.4196769585,0.0188906567,0.0044947096
1.9613077785,1.4852036277,-1.8208319099,-2.6785314431,2.8258527236,2.5828019075,2.4196819846,0.0188906567,0.0044947096
1.9613910599,1.4852145999,-1.8208489672,-2.6785910623,2.8258345658,2.5828256883,2.4196874026,0.0188906567,0.0044947096
1.9614805917,1.4852263959,-1.8208673043,-2.6786551536,2.8258150444,2.5828512563,2.4196932278,0.0188906567,0.0044947096
1.9615766102,1.4852390468,-1.8208869696,-2.6787238858,2.8257941079,2.5828786795,2.4196994759,0.0188906567,0.0044947096
1.9616793514,1.4852525838,-1.8209080114,-2.6787974274,2.8257717047,2.5829080256,2.4197061623,0.0188906567,0.0044947096
1.9617890514,1.485267038,-1.8209304779,-2.6788759471,2.8257477831,2.5829393626,2.4197133025,0.0188906567,0.0044947096
1.9619059463,1.4852824405,-1.8209544175,-2.6789596132,2.8257222915,2.5829727583,2.419720912,0.0188906567,0.0044947096
1.962030272,1.4852988226,-1.8209798784,-2.6790485942,2.8256951784,2.5830082806,2.4197290062,0.0188906567,0.0044947096
1.9621622644,1.4853162154,-1.8210069089,-2.6791430584,2.8256663921,2.5830459975,2.4197376008,0.0188906567,0.0044947096
1.9623021593,1.4853346499,-1.8210355571,-2.6792431741,2.8256358811,2.583085977,2.4197467111,0.0188906567,0.0044947096
1.9624501927,1.4853541574,-1.8210658713,-2.6793491096,2.8256035936,2.583128287,2.4197563528,0.0188906567,0.0044947096
1.9626066004,1.485374769,-1.8210978997,-2.6794610329,2.8255694781,2.5831729955,2.4197665414,0.0188906567,0.0044947096
1.9627716181,1.4853965158,-1.8211316905,-2.6795791122,2.825533483,2.5832201706,2.4197772923,0.0188906567,0.0044947096
1.9629454815,1.485419429,-1.8211672919,-2.6797035155,2.8254955566,2.5832698803,2.4197886213,0.0188906567,0.0044947096
1.9631284264,1.4854435397,-1.8212047521,-2.6798344107,2.8254556474,2.5833221929,2.4198005438,0.0188906567,0.0044947096
1.9633206884,1.485468879,-1.8212441191,-2.6799719657,2.8254137036,2.5833771763,2.4198130753,0.0188906567,0.0044947096
1.9635225031,1.4854954781,-1.8212854412,-2.6801163482,2.8253696737,2.5834348989,2.4198262316,0.0188906567,0.0044947096
1.963734106,1.4855233681,-1.8213287664,-2.6802677259,2.8253235059,2.5834954289,2.4198400282,0.0188906567,0.0044947096
1.9639557326,1.4855525802,-1.8213741428,-2.6804262665,2.8252751487,2.5835588344,2.4198544807,0.0188906567,0.0044947096
1.9641876184,1.4855831454,-1.8214216185,-2.6805921374,2.8252245504,2.5836251839,2.4198696047,0.0188906567,0.0044947096
1.9644299986,1.485615095,-1.8214712416,-2.680765506,2.8251716594,2.5836945455,2.4198854159,0.0188906567,0.0044947096
1.9646831086,1.48564846,-1.8215230601,-2.6809465396,2.8251164239,2.5837669879,2.4199019298,0.0188906567,0.0044947096
1.9649471836,1.4856832715,-1.821577122,-2.6811354053,2.8250587924,2.5838425793,2.4199191623,0.0188906567,0.0044947096
1.9652224519,1.4857195598,-1.8216334739,-2.6813322652,2.8249987147,2.5839213862,2.4199371284,0.0188906567,0.0044947096
1.9655090275,1.4857573401,-1.8216921389,-2.6815371996,2.8249361654,2.5840034428,2.4199558361,0.0188906567,0.0044947096
1.9658069247,1.4857966144,-1.8217531197,-2.6817502172,2.8248711409,2.5840887548,2.4199752868,0.0188906567,0.0044947096
1.9661161368,1.4858373819,-1.8218164148,-2.6819713114,2.8248036423,2.5841773219,2.4199954804,0.0188906567,0.0044947096
1.9664367288,1.4858796516,-1.8218820372,-2.6822005272,2.8247336548,2.5842691644,2.4200164217,0.0188906567,0.0044947096
1.9667687296,1.4859234273,-1.8219499927,-2.6824378835,2.8246611715,2.5843642924,2.4200381131,0.0188906567,0.0044947096
1.9671121811,1.4859687147,-1.8220202895,-2.6826834085,2.8245861829,2.5844627197,2.4200605578,0.0188906567,0.0044947096
1.9674671467,1.4860155225,-1.8220929403,-2.6829371456,2.8245086745,2.5845644664,2.4200837606,0.0188906567,0.0044947096
1.9678336255,1.4860638507,-1.8221679447,-2.6831990922,2.8244286458,2.5846695343,2.420107722,0.0188906567,0.0044947096
1.9682115834,1.4861136951,-1.8222452955,-2.6834692218,2.8243461036,2.5847779158,2.4201324403,0.0188906567,0.0044947096
1.9686010024,1.4861650534,-1.8223249886,-2.6837475192,2.8242610513,2.5848896082,2.420157915,0.0188906567,0.0044947096
1.9690019077,1.4862179294,-1.8224070289,-2.6840340004,2.8241734826,2.5850046209,2.4201841486,0.0188906567,0.0044947096
1.9694143796,1.4862723338,-1.8224914325,-2.6843287203,2.8240833792,2.5851229792,2.4202111467,0.0188906567,0.0044947096
1.9698385208,1.4863282804,-1.8225782201,-2.6846317501,2.8239907181,2.5852447153,2.420238917,0.0188906567,0.0044947096
1.9702744386,1.4863857836,-1.8226674132,-2.6849431638,2.8238954749,2.5853698623,2.4202674671,0.0188906567,0.0044947096
1.9707221964,1.4864448522,-1.8227590246,-2.6852630042,2.8237976351,2.5854984412,2.4202968019,0.0188906567,0.0044947096
1.9711817874,1.4865054854,-1.8228530524,-2.6855912634,2.8236971993,2.5856304531,2.4203269219,0.0188906567,0.0044947096
1.9716531723,1.4865676784,-1.8229494882,-2.6859279104,2.823594175,2.5857658899,2.4203578254,0.0188906567,0.0044947096
1.9721363316,1.4866314291,-1.8230483275,-2.6862729279,2.8234885656,2.5859047493,2.4203895121,0.0188906567,0.0044947096
1.9726312629,1.4866967374,-1.8231495693,-2.6866263109,2.8233803705,2.5860470341,2.4204219828,0.0188906567,0.0044947096
1.973137963,1.4867636032,-1.8232532125,-2.6869880536,2.8232695894,2.5861927469,2.4204552382,0.0188906567,0.0044947096
1.9736564248,1.4868320261,-1.8233592552,-2.6873581472,2.8231562227,2.5863418897,2.4204892791,0.0188906567,0.0044947096
1.9741866411,1.4869020055,-1.8234676954,-2.6877365829,2.8230402708,2.5864944642,2.420524106,0.0188906567,0.0044947096
1.9747286065,1.4869735411,-1.8235785313,-2.6881233526,2.8229217336,2.5866504732,2.4205597198,0.0188906567,0.0044947096
1.9752823167,1.4870466327,-1.8236917615,-2.6885184491,2.8228006107,2.5868099197,2.4205961216,0.0188906567,0.0044947096
1.9758477673,1.4871212803,-1.8238073845,-2.6889218646,2.8226769019,2.5869728072,2.4206333121,0.0188906567,0.0044947096
1.9764249539,1.4871974837,-1.8239253987,-2.6893335915,2.8225506065,2.5871391392,2.4206712927,0.0188906567,0.0044947096
1.9770138718,1.4872752429,-1.8240458025,-2.6897536213,2.8224217241,2.5873089194,2.4207100643,0.0188906567,0.0044947096
1.9776145166,1.4873545578,-1.8241685943,-2.6901819458,2.822290254,2.5874821521,2.4207496283,0.0188906567,0.0044947096
1.9782268836,1.4874354283,-1.8242937723,-2.6906185562,2.8221561957,2.5876588415,2.4207899859,0.0188906567,0.0044947096
1.9788509683,1.4875178544,-1.8244213347,-2.6910634434,2.8220195484,2.5878389921,2.4208311384,0.0188906567,0.0044947096
1.9794867653,1.487601836,-1.8245512798,-2.6915165977,2.8218803113,2.5880226088,2.4208730874,0.0188906567,0.0044947096
1.9801342692,1.487687373,-1.8246836054,-2.6919780088,2.8217384837,2.5882096966,2.4209158343,0.0188906567,0.0044947096
1.980793474,1.4877744654,-1.8248183094,-2.6924476656,2.8215940649,2.5884002606,2.4209593806,0.0188906567,0.0044947096
1.9814643728,1.4878631129,-1.8249553894,-2.6929255562,2.8214470542,2.5885943063,2.4210037281,0.0188906567,0.0044947096
1.982146958,1.4879533153,-1.8250948427,-2.6934116675,2.8212974511,2.5887918392,2.4210488783,0.0188906567,0.0044947096
1.9828412206,1.4880450721,-1.8252366665,-2.6939059854,2.8211452549,2.588992865,2.421094833,0.0188906567,0.0044947096
1.9835471504,1.4881383829,-1.8253808575,-2.694408494,2.8209904654,2.5891973893,2.421141594,0.0188906567,0.0044947096
1.984264735,1.4882332468,-1.8255274117,-2.6949191756,2.8208330826,2.589405418,2.421189163,0.0188906567,0.0044947096
1.9849939595,1.4883296629,-1.825676325,-2.6954380099,2.8206731068,2.5896169566,2.421237542,0.0188906567,0.0044947096
1.9857348068,1.4884276299,-1.8258275923,-2.6959649745,2.8205105386,2.5898320108,2.4212867326,0.0188906567,0.0044947096
1.9864872578,1.4885271463,-1.8259812081,-2.6965000447,2.8203453789,2.5900505865,2.421336737,0.0188906567,0.0044947096
1.987251293,1.4886282108,-1.8261371669,-2.6970431949,2.8201776282,2.5902726903,2.4213875571,0.0188906567,0.0044947096
1.9880268926,1.4887308218,-1.8262954626,-2.6975943981,2.8200072871,2.5904983297,2.4214391956,0.0188906567,0.0044947096
1.9888140359,1.488834978,-1.8264560893,-2.6981536257,2.8198343559,2.590727513,2.4214916549,0.0188906567,0.0044947096
1.9896127015,1.4889406779,-1.8266190403,-2.6987208476,2.8196588347,2.5909602494,2.4215449379,0.0188906567,0.0044947096
1.9904228673,1.4890479202,-1.8267843089,-2.6992960321,2.8194807234,2.5911965493,2.421599048,0.0188906567,0.0044947096
1.9912445105,1.4891567034,-1.826951888,-2.6998791453,2.8193000219,2.5914364239,2.4216539886,0.0188906567,0.0044947096
1.9920776071,1.4892670262,-1.8271217699,-2.7004701514,2.8191167295,2.591679886,2.4217097637,0.0188906567,0.0044947096
1.9929221325,1.4893788871,-1.8272939467,-2.7010690121,2.8189308454,2.5919269498,2.4217663775,0.0188906567,0.0044947096
1.993778061,1.4894922848,-1.8274684099,-2.7016756867,2.8187423685,2.5921776308,2.4218238349,0.0188906567,0.0044947096
1.9946453657,1.489607218,-1.8276451506,-2.7022901318,2.8185512972,2.5924319468,2.4218821411,0.0188906567,0.0044947096
1.995524019,1.4897236854,-1.8278241593,-2.7029123009,2.8183576296,2.5926899171,2.421941302,0.0188906567,0.0044947096
1.9964139919,1.4898416857,-1.8280054259,-2.7035421441,2.818161363,2.5929515638,2.4220013241,0.0188906567,0.0044947096
1.9973152545,1.4899612179,-1.8281889397,-2.7041796081,2.8179624943,2.5932169113,2.4220622148,0.0188906567,0.0044947096
1.9982277758,1.4900822809,-1.8283746893,-2.7048246356,2.8177610196,2.5934859871,2.4221239821,0.0188906567,0.0044947096
1.9991515239,1.4902048738,-1.8285626626,-2.7054771649,2.8175569343,2.5937588222,2.4221866351,0.0188906567,0.0044947096
2.0000864658,1.4903289958,-1.8287528465,-2.7061371297,2.8173502325,2.5940354515,2.422250184,0.0188906567,0.0044947096
2.0010325679,1.4904546466,-1.8289452275,-2.7068044583,2.8171409072,2.5943159142,2.4223146402,0.0188906567,0.0044947096
2.0019897959,1.4905818259,-1.8291397908,-2.7074790739,2.8169289502,2.5946002551,2.4223800166,0.0188906567,0.0044947096
2.0029581154,1.490710534,-1.8293365209,-2.7081608932,2.8167143512,2.5948885246,2.4224463277,0.0188906567,0.0044947096
2.0039374922,1.4908407715,-1.8295354014,-2.708849827,2.8164970982,2.5951807803,2.4225135899,0.0188906567,0.0044947096
2.004927893,1.4909725399,-1.8297364148,-2.7095457788,2.8162771766,2.5954770873,2.4225818218,0.0188906567,0.0044947096
2.0059292864,1.491105841,-1.8299395429,-2.7102486458,2.8160545692,2.5957775201,2.4226510443,0.0188906567,0.0044947096
2.006941644,1.4912406781,-1.8301447668,-2.7109583179,2.8158292551,2.5960821633,2.4227212812,0.0188906567,0.0044947096
2.0079649422,1.4913770553,-1.8303520669,-2.7116746788,2.8156012098,2.5963911128,2.4227925593,0.0188906567,0.0044947096
2.008999164,1.4915149782,-1.8305614235,-2.7123976069,2.8153704041,2.596704477,2.4228649086,0.0188906567,0.0044947096
2.0100443021,1.4916544543,-1.8307728174,-2.7131269773,2.815136804,2.5970223774,2.4229383626,0.0188906567,0.0044947096
2.011100361,1.4917954928,-1.8309862303,-2.7138626648,2.81490037,2.5973449484,2.4230129582,0.0188906567,0.0044947096
2.0121673607,1.4919381052,-1.831201646,-2.7146045481,2.8146610575,2.5976723355,2.4230887349,0.0188906567,0.0044947096
2.0132453387,1.4920823047,-1.8314190511,-2.7153525158,2.8144188173,2.5980046924,2.4231657341,0.0188906567,0.0044947096
2.0143343506,1.4922281064,-1.8316384364,-2.7161064726,2.8141735972,2.5983421747,2.4232439975,0.0188906567,0.0044947096
2.015434468,1.492375526,-1.8318597973,-2.7168663449,2.8139253447,2.5986849318,2.4233235647,0.0188906567,0.0044947096
2.0165457735,1.4925245792,-1.8320831338,-2.717632085,2.8136740105,2.5990330979,2.4234044708,0.0188906567,0.0044947096
2.0176683521,1.4926752795,-1.83230845,-2.7184036706,2.8134195519,2.5993867828,2.423486744,0.0188906567,0.0044947096
2.0188022815,1.4928276375,-1.8325357524,-2.7191811017,2.8131619361,2.5997460664,2.4235704047,0.0188906567,0.0044947096
2.0199476238,1.4929816601,-1.832765048,-2.7199643924,2.8129011411,2.6001109977,2.4236554646,0.0188906567,0.0044947096
2.0211044202,1.4931373499,-1.8329963425,-2.7207535628,2.8126371558,2.6004815979,2.4237419283,0.0188906567,0.0044947096
2.0222726937,1.4932947063,-1.8332296405,-2.7215486348,2.8123699775,2.6008578682,2.4238297952,0.0188906567,0.0044947096
2.0234524561,1.493453727,-1.8334649454,-2.7223496317,2.8120996085,2.6012397963,2.4239190612,0.0188906567,0.0044947096
2.0246437103,1.4936144083,-1.83370226,-2.7231565766,2.8118260549,2.6016273613,2.42400972,0.0188906567,0.0044947096
2.025846453,1.4937767458,-1.8339415863,-2.7239694916,2.8115493252,2.602020537,2.4241017642,0.0188906567,0.0044947096
2.0270606761,1.4939407346,-1.8341829256,-2.7247883967,2.811269429,2.6024192944,2.4241951854,0.0188906567,0.0044947096
2.0282863648,1.4941063694,-1.834426278,-2.7256133069,2.8109863777,2.6028236026,2.4242899753,0.0188906567,0.0044947096
2.0295233799,1.4942736279,-1.8346716192,-2.7264441568,2.8107002118,2.6032333865,2.4243861148,0.0188906567,0.0044947096
2.030771495,1.4944424764,-1.8349189079,-2.7272808224,2.8104109922,2.6036485422,2.4244835783,0.0188906567,0.0044947096
2.0320304832,1.4946128816,-1.8351681024,-2.7281231769,2.8101187792,2.6040689677,2.4245823407,0.0188906567,0.0044947096
2.0333001189,1.4947848105,-1.8354191608,-2.7289710918,2.8098236319,2.6044945648,2.4246823781,0.0188906567,0.0044947096
2.0345801786,1.4949582308,-1.8356720412,-2.729824437,2.809525608,2.6049252386,2.4247836673,0.0188906567,0.0044947096
2.0358704412,1.4951331108,-1.8359267019,-2.7306830817,2.8092247638,2.6053608975,2.4248861862,0.0188906567,0.0044947096
2.0371706882,1.4953094192,-1.8361831013,-2.7315468943,2.8089211546,2.6058014533,2.4249899134,0.0188906567,0.0044947096
2.0384807027,1.4954871255,-1.8364411979,-2.7324157424,2.8086148341,2.6062468208,2.4250948286,0.0188906567,0.0044947096
2.0398002685,1.4956661991,-1.83670095,-2.7332894913,2.8083058558,2.6066969171,2.4252009118,0.0188906567,0.0044947096
2.0411291698,1.4958466098,-1.8369623156,-2.7341680051,2.807994272,2.6071516615,2.4253081439,0.0188906567,0.0044947096
2.0424671916,1.4960283275,-1.8372252527,-2.7350511465,2.8076801345,2.6076109755,2.4254165063,0.0188906567,0.0044947096
2.0438141197,1.4962113225,-1.837489719,-2.7359387769,2.8073634946,2.6080747824,2.4255259808,0.0188906567,0.0044947096
2.0451697406,1.4963955652,-1.8377556723,-2.7368307571,2.8070444026,2.6085430075,2.4256365498,0.0188906567,0.0044947096
2.0465338418,1.496581026,-1.8380230704,-2.7377269468,2.8067229086,2.6090155776,2.4257481961,0.0188906567,0.0044947096
2.0479062117,1.4967676758,-1.838291871,-2.7386272056,2.8063990617,2.609492421,2.4258609029,0.0188906567,0.0044947096
2.0492866399,1.4969554853,-1.8385620319,-2.7395313926,2.8060729109,2.6099734672,2.4259746537,0.0188906567,0.0044947096
2.0506749167,1.4971444256,-1.8388335109,-2.7404393669,2.8057445045,2.6104586472,2.4260894323,0.0188906567,0.0044947096
2.0520708339,1.4973344677,-1.8391062659,-2.7413509877,2.8054138906,2.6109478925,2.4262052229,0.0188906567,0.0044947096
2.0534741841,1.4975255828,-1.839380255,-2.7422661149,2.8050811166,2.6114411358,2.4263220095,0.0188906567,0.0044947096
2.0548847613,1.4977177421,-1.8396554366,-2.7431846087,2.8047462301,2.6119383097,2.4264397765,0.0188906567,0.0044947096
2.0563023605,1.4979109168,-1.839931769,-2.7441063306,2.804409278,2.6124393476,2.4265585083,0.0188906567,0.0044947096
2.0577267781,1.4981050782,-1.840209211,-2.7450311431,2.8040703076,2.6129441824,2.4266781889,0.0188906567,0.0044947096
2.0591578112,1.4983001972,-1.8404877217,-2.7459589105,2.803729366,2.6134527464,2.4267988025,0.0188906567,0.0044947096
2.0605952584,1.4984962448,-1.8407672603,-2.7468894991,2.8033865003,2.6139649713,2.4269203328,0.0188906567,0.0044947096
2.0620389187,1.4986931919,-1.8410477868,-2.7478227772,2.8030417584,2.6144807869,2.4270427629,0.0188906567,0.0044947096
2.0634885921,1.4988910087,-1.8413292611,-2.7487586162,2.8026951884,2.615000121,2.4271660754,0.0188906567,0.0044947096
2.0649440786,1.4990896653,-1.8416116439,-2.7496968905,2.8023468395,2.6155228985,2.4272902519,0.0188906567,0.0044947096
2.0664051785,1.4992891312,-1.8418948963,-2.750637478,2.8019967621,2.6160490401,2.4274152731,0.0188906567,0.0044947096
2.0678716908,1.499489375,-1.8421789797,-2.751580261,2.801645008,2.616578462,2.427541118,0.0188906567,0.0044947096
2.0693434132,1.4996903647,-1.842463856,-2.7525251257,2.8012916314,2.6171110738,2.4276677639,0.0188906567,0.0044947096
2.0708201401,1.4998920669,-1.8427494874,-2.7534719625,2.8009366888,2.6176467781,2.4277951861,0.0188906567,0.0044947096
2.0723016616,1.500094447,-1.8430358362,-2.7544206659,2.8005802402,2.6181854684,2.4279233576,0.0188906567,0.0044947096
2.073787761,1.5002974686,-1.8433228643,-2.7553711331,2.8002223492,2.6187270285,2.4280522484,0.0188906567,0.0044947096
2.0752782122,1.5005010934,-1.843610533,-2.7563232626,2.7998630838,2.6192713318,2.4281818259,0.0188906567,0.0044947096
2.0767727772,1.500705281,-1.8438988021,-2.757276951,2.799502517,2.6198182406,2.4283120546,0.0188906567,0.0044947096
2.0782712028,1.5009099883,-1.8441876289,-2.7582320892,2.7991407263,2.6203676081,2.4284428965,0.0188906567,0.0044947096
2.0797732185,1.5011151702,-1.8444769676,-2.7591885565,2.7987777936,2.6209192812,2.4285743122,0.0188906567,0.0044947096
2.0812785356,1.5013207793,-1.8447667682,-2.7601462154,2.7984138033,2.6214731063,2.4287062623,0.0188906567,0.0044947096
2.0827868495,1.5015267673,-1.8450569756,-2.7611049052,2.7980488399,2.6220289367,2.4288387097,0.0188906567,0.0044947096
2.0842978449,1.5017330855,-1.84534753,-2.7620644393,2.7976829849,2.6225866419,2.4289716216,0.0188906567,0.0044947096
2.0858112041,1.5019396867,-1.8456383675,-2.7630246051,2.797316313,2.6231461158,2.429104972,0.0188906567,0.0044947096
2.0873266169,1.5021465266,-1.845929422,-2.7639851688,2.7969488892,2.6237072818,2.4292387429,0.0188906567,0.0044947096
2.0888437888,1.5023535639,-1.8462206267,-2.7649458827,2.7965807681,2.6242700938,2.4293729243,0.0188906567,0.0044947096
2.0903624466,1.5025607615,-1.8465119163,-2.7659064947,2.7962119937,2.624834532,2.4295075129,0.0188906567,0.0044947096
2.0918823351,1.5027680848,-1.8468032269,-2.7668667527,2.7958426022,2.6254005953,2.4296425104,0.0188906567,0.0044947096
2.0934032109,1.5029755007,-1.8470944962,-2.7678264056,2.7954726254,2.6259682937,2.4297779209,0.0188906567,0.0044947096
2.0949248398,1.5031829773,-1.8473856629,-2.7687852049,2.7951020919,2.6265376433,2.4299137501,0.0188906567,0.0044947096
2.0964469941,1.5033904829,-1.8476766669,-2.7697429067,2.7947310291,2.6271086627,2.4300500042,0.0188906567,0.0044947096
2.0979694512,1.5035979863,-1.8479674497,-2.7706992727,2.7943594638,2.62768137,2.4301866889,0.0188906567,0.0044947096
2.0994919963,1.5038054569,-1.8482579543,-2.7716540733,2.7939874222,2.6282557819,2.4303238097,0.0188906567,0.0044947096
2.1010145393,1.5040128803,-1.8485481492,-2.7726071641,2.7936149021,2.6288319551,2.4304613811,0.0188906567,0.0044947096
2.1025370785,1.504220254,-1.8488380204,-2.7735584637,2.7932418819,2.6294099719,2.4305994235,0.0188906567,0.0044947096
2.1040596141,1.5044275754,-1.8491275557,-2.7745078985,2.7928683417,2.6299899084,2.4307379556,0.0188906567,0.0044947096
2.105582146,1.5046348413,-1.8494167436,-2.775455402,2.7924942634,2.6305718331,2.430876994,0.0188906567,0.0044947096
2.1071046745,1.5048420485,-1.849705574,-2.7764009148,2.7921196312,2.6311558076,2.4310165535,0.0188906567,0.0044947096
2.1086271999,1.5050491935,-1.8499940376,-2.7773443842,2.7917444312,2.6317418864,2.4311566472,0.0188906567,0.0044947096
2.1101497224,1.5052562728,-1.8502821265,-2.7782857644,2.7913686511,2.632330117,2.4312972861,0.0188906567,0.0044947096
2.1116722421,1.5054632828,-1.8505698336,-2.7792250157,2.7909922808,2.6329205404,2.4314384798,0.0188906567,0.0044947096
2.1131947593,1.5056702199,-1.8508571528,-2.7801621048,2.7906153117,2.6335131913,2.4315802361,0.0188906567,0.0044947096
2.1147172743,1.5058770807,-1.8511440789,-2.781097004,2.7902377367,2.6341080982,2.4317225614,0.0188906567,0.0044947096
2.1162397872,1.5060838619,-1.8514306079,-2.7820296913,2.7898595506,2.6347052841,2.4318654606,0.0188906567,0.0044947096
2.1177622981,1.5062905604,-1.8517167363,-2.78296015,2.7894807491,2.6353047663,2.4320089373,0.0188906567,0.0044947096
2.1192848073,1.5064971732,-1.8520024617,-2.7838883683,2.7891013299,2.635906557,2.4321529939,0.0188906567,0.0044947096
2.1208073149,1.5067036976,-1.8522877824,-2.7848143395,2.7887212913,2.6365106634,2.4322976315,0.0188906567,0.0044947096
2.1223298211,1.5069101311,-1.8525726974,-2.7857380611,2.7883406335,2.6371170879,2.4324428501,0.0188906567,0.0044947096
2.1238523259,1.5071164715,-1.8528572067,-2.7866595352,2.7879593573,2.6377258285,2.4325886486,0.0188906567,0.0044947096
2.1253748295,1.5073227166,-1.8531413107,-2.7875787683,2.7875774649,2.6383368786,2.4327350249,0.0188906567,0.0044947096
2.126897332,1.5075288649,-1.8534250107,-2.7884957706,2.7871949596,2.6389502277,2.4328819758,0.0188906567,0.0044947096
2.1284198335,1.5077349148,-1.8537083085,-2.7894105565,2.7868118455,2.6395658611,2.4330294975,0.0188906567,0.0044947096
2.1299423342,1.5079408652,-1.8539912068,-2.7903231439,2.786428128,2.6401837601,2.4331775849,0.0188906567,0.0044947096
2.131464834,1.5081467149,-1.8542737086,-2.7912335545,2.7860438131,2.6408039025,2.4333262322,0.0188906567,0.0044947096
2.1329873331,1.5083524635,-1.8545558178,-2.7921418136,2.7856589079,2.6414262622,2.4334754327,0.0188906567,0.0044947096
2.1345098316,1.5085581105,-1.8548375386,-2.7930479498,2.7852734204,2.6420508098,2.433625179,0.0188906567,0.0044947096
2.1360323296,1.5087636556,-1.855118876,-2.7939519949,2.7848873593,2.6426775124,2.4337754628,0.0188906567,0.0044947096
2.1375548272,1.5089690992,-1.8553998355,-2.7948539843,2.7845007343,2.6433063337,2.433926275,0.0188906567,0.0044947096
2.1390773245,1.5091744415,-1.8556804231,-2.795753956,2.7841135557,2.6439372344,2.4340776061,0.0188906567,0.0044947096
2.1405998216,1.5093796832,-1.8559606453,-2.7966519513,2.7837258348,2.6445701721,2.4342294455,0.0188906567,0.0044947096
2.1421223186,1.5095848254,-1.856240509,-2.7975480139,2.7833375832,2.6452051015,2.4343817822,0.0188906567,0.0044947096
2.1436448156,1.5097898691,-1.8565200218,-2.7984421903,2.7829488135,2.645841975,2.4345346047,0.0188906567,0.0044947096
2.1451673128,1.509994816,-1.8567991915,-2.7993345291,2.7825595385,2.6464807424,2.4346879007,0.0188906567,0.0044947096
2.1466898101,1.5101996677,-1.8570780263,-2.8002250808,2.7821697719,2.6471213516,2.4348416578,0.0188906567,0.0044947096
2.1482123077,1.5104044263,-1.8573565346,-2.8011138978,2.7817795274,2.6477637486,2.434995863,0.0188906567,0.0044947096
2.1497348057,1.510609094,-1.8576347253,-2.8020010338,2.7813888194,2.6484078779,2.4351505031,0.0188906567,0.0044947096
2.151257304,1.5108136731,-1.8579126073,-2.8028865435,2.7809976622,2.6490536833,2.4353055646,0.0188906567,0.0044947096
2.1527798028,1.5110181663,-1.8581901896,-2.8037704822,2.7806060704,2.6497011076,2.435461034,0.0188906567,0.0044947096
2.154302302,1.5112225762,-1.8584674814,-2.8046529052,2.7802140587,2.6503500937,2.4356168978,0.0188906567,0.0044947096
2.1558248017,1.5114269055,-1.8587444917,-2.8055338676,2.7798216413,2.6510005849,2.4357731426,0.0188906567,0.0044947096
2.1573473018,1.5116311571,-1.8590212295,-2.8064134233,2.7794288326,2.6516525255,2.4359297551,0.0188906567,0.0044947096
2.1588698024,1.5118353335,-1.8592977032,-2.8072916247,2.7790356463,2.6523058614,2.4360867227,0.0188906567,0.0044947096
2.1603923033,1.5120394372,-1.8595739213,-2.8081685218,2.7786420955,2.6529605408,2.4362440331,0.0188906567,0.0044947096
2.1619148046,1.5122434703,-1.8598498914,-2.8090441617,2.7782481928,2.6536165151,2.4364016748,0.0188906567,0.0044947096
2.1634373061,1.5124474347,-1.8601256207,-2.8099185879,2.7778539497,2.6542737392,2.4365596369,0.0188906567,0.0044947096
2.1649598077,1.5126513314,-1.8604011155,-2.8107918397,2.7774593767,2.6549321726,2.4367179097,0.0188906567,0.0044947096
2.1664823095,1.5128551612,-1.8606763814,-2.8116639511,2.7770644832,2.6555917799,2.4368764844,0.0188906567,0.0044947096
2.1680048112,1.5130589239,-1.8609514229,-2.8125349511,2.7766692772,2.6562525312,2.4370353536,0.0188906567,0.0044947096
2.1695273128,1.5132626184,-1.8612262435,-2.8134048625,2.7762737654,2.6569144029,2.4371945109,0.0188906567,0.0044947096
2.1710498143,1.513466243,-1.8615008457,-2.8142737018,2.7758779528,2.6575773775,2.4373539515,0.0188906567,0.0044947096
2.1725723156,1.5136697948,-1.8617752308,-2.8151414793,2.7754818433,2.6582414446,2.4375136717,0.0188906567,0.0044947096
2.1740948166,1.51387327,-1.862049399,-2.8160081985,2.7750854388,2.6589066003,2.4376736694,0.0188906567,0.0044947096
2.1756173172,1.5140766638,-1.8623233491,-2.8168738563,2.77468874,2.6595728475,2.4378339438,0.0188906567,0.0044947096
2.1771398174,1.5142799703,-1.8625970791,-2.8177384434,2.7742917459,2.6602401958,2.4379944954,0.0188906567,0.0044947096
2.1786623172,1.5144831826,-1.8628705858,-2.8186019441,2.7738944542,2.6609086612,2.4381553261,0.0188906567,0.0044947096
2.1801848165,1.514686293,-1.8631438648,-2.8194643369,2.7734968614,2.6615782656,2.4383164388,0.0188906567,0.0044947096
2.1817073152,1.5148892926,-1.863416911,-2.820325595,2.7730989623,2.6622490367,2.4384778378,0.0188906567,0.0044947096
2.1832298134,1.515092172,-1.8636897182,-2.8211856865,2.7727007512,2.662921007,2.4386395281,0.0188906567,0.0044947096
2.184752311,1.5152949207,-1.8639622795,-2.8220445754,2.772302221,2.6635942137,2.4388015157,0.0188906567,0.0044947096
2.186274808,1.5154975277,-1.8642345876,-2.8229022216,2.7719033638,2.6642686978,2.4389638074,0.0188906567,0.0044947096
2.1877973045,1.5156999811,-1.8645066342,-2.8237585821,2.7715041713,2.6649445036,2.4391264105,0.0188906567,0.0044947096
2.1893198003,1.5159022688,-1.8647784107,-2.8246136112,2.7711046343,2.6656216782,2.4392893327,0.0188906567,0.0044947096
2.1908422956,1.5161043779,-1.8650499084,-2.8254672611,2.7707047435,2.6663002705,2.4394525823,0.0188906567,0.0044947096
2.1923647904,1.5163062954,-1.8653211181,-2.8263194828,2.770304489,2.6669803312,2.4396161677,0.0188906567,0.0044947096
2.1938872847,1.5165080077,-1.8655920303,-2.8271702261,2.7699038609,2.667661912,2.4397800974,0.0188906567,0.0044947096
2.1954097787,1.5167095013,-1.8658626358,-2.8280194403,2.7695028493,2.6683450649,2.4399443801,0.0188906567,0.0044947096
2.1969322724,1.5169107623,-1.8661329249,-2.8288670745,2.7691014441,2.6690298424,2.4401090244,0.0188906567,0.0044947096
2.1984547659,1.5171117769,-1.8664028884,-2.8297130782,2.7686996355,2.6697162965,2.4402740388,0.0188906567,0.0044947096
2.1999772592,1.5173125312,-1.866672517,-2.8305574015,2.7682974137,2.6704044788,2.4404394316,0.0188906567,0.0044947096
2.2014997526,1.5175130114,-1.8669418015,-2.831399995,2.7678947693,2.6710944398,2.4406052109,0.0188906567,0.0044947096
2.203022246,1.5177132038,-1.8672107329,-2.8322408109,2.767491693,2.6717862292,2.4407713847,0.0188906567,0.0044947096
2.2045447396,1.5179130949,-1.8674793027,-2.8330798023,2.7670881759,2.6724798949,2.4409379604,0.0188906567,0.0044947096
2.2060672334,1.5181126713,-1.8677475023,-2.8339169241,2.7666842097,2.6731754837,2.4411049453,0.0188906567,0.0044947096
2.2075897277,1.51831192,-1.8680153238,-2.8347521329,2.766279786,2.6738730401,2.4412723462,0.0188906567,0.0044947096
2.2091122224,1.5185108282,-1.8682827594,-2.8355853871,2.7658748974,2.6745726072,2.4414401697,0.0188906567,0.0044947096
2.2106347178,1.5187093836,-1.8685498017,-2.8364166473,2.7654695367,2.6752742254,2.4416084216,0.0188906567,0.0044947096
2.2121572138,1.5189075741,-1.8688164439,-2.8372458761,2.7650636971,2.6759779334,2.4417771075,0.0188906567,0.0044947096
2.2136797108,1.519105388,-1.8690826793,-2.8380730388,2.7646573726,2.676683767,2.4419462326,0.0188906567,0.0044947096
2.2152022086,1.5193028143,-1.869348502,-2.8388981029,2.7642505576,2.6773917595,2.4421158013,0.0188906567,0.0044947096
2.2167247075,1.5194998424,-1.8696139064,-2.8397210387,2.7638432472,2.6781019418,2.4422858176,0.0188906567,0.0044947096
2.2182472076,1.519696462,-1.8698788874,-2.8405418192,2.763435437,2.6788143415,2.4424562851,0.0188906567,0.0044947096
2.2197697089,1.5198926636,-1.8701434405,-2.8413604203,2.7630271233,2.6795289836,2.4426272067,0.0188906567,0.0044947096
2.2212922115,1.5200884384,-1.8704075617,-2.842176821,2.7626183031,2.6802458896,2.4427985846,0.0188906567,0.0044947096
2.2228147156,1.520283778,-1.8706712477,-2.8429910035,2.762208974,2.6809650781,2.4429704205,0.0188906567,0.0044947096
2.2243372212,1.5204786747,-1.8709344957,-2.8438029531,2.7617991345,2.6816865641,2.4431427156,0.0188906567,0.0044947096
2.2258597286,1.5206731218,-1.8711973036,-2.844612659,2.7613887837,2.6824103589,2.44331547,0.0188906567,0.0044947096
2.2273822378,1.5208671131,-1.8714596699,-2.8454201139,2.7609779215,2.6831364701,2.4434886836,0.0188906567,0.0044947096
2.2289047489,1.5210606436,-1.8717215941,-2.8462253145,2.7605665487,2.6838649011,2.4436623552,0.0188906567,0.0044947096
2.2304272623,1.5212537091,-1.8719830761,-2.8470282619,2.760154667,2.6845956509,2.443836483,0.0188906567,0.0044947096
2.2319497779,1.5214463064,-1.872244117,-2.8478289616,2.759742279,2.6853287142,2.4440110642,0.0188906567,0.0044947096
2.2334722961,1.5216384336,-1.8725047185,-2.8486274238,2.7593293881,2.6860640805,2.4441860955,0.0188906567,0.0044947096
2.2349948171,1.5218300901,-1.8727648835,-2.8494236638,2.7589159991,2.6868017341,2.4443615723,0.0188906567,0.0044947096
2.236517341,1.5220212767,-1.8730246157,-2.8502177023,2.7585021174,2.6875416539,2.4445374895,0.0188906567,0.0044947096
2.2380398682,1.5222119958,-1.8732839199,-2.851009566,2.7580877499,2.6882838129,2.4447138406,0.0188906567,0.0044947096
2.2395623988,1.5224022514,-1.8735428022,-2.8517992872,2.7576729044,2.6890281778,2.4448906185,0.0188906567,0.0044947096
2.2410849332,1.5225920494,-1.8738012698,-2.8525869048,2.7572575901,2.6897747089,2.4450678149,0.0188906567,0.0044947096
2.2426074715,1.5227813979,-1.874059331,-2.8533724644,2.7568418171,2.6905233594,2.4452454204,0.0188906567,0.0044947096
2.244130014,1.522970307,-1.8743169955,-2.8541560181,2.756425597,2.6912740759,2.4454234249,0.0188906567,0.0044947096
2.2456525607,1.5231587889,-1.8745742743,-2.8549376252,2.7560089425,2.6920267977,2.445601817,0.0188906567,0.0044947096
2.247175112,1.5233468586,-1.8748311796,-2.8557173515,2.7555918674,2.6927814569,2.4457805844,0.0188906567,0.0044947096
2.2486976679,1.5235345332,-1.875087725,-2.8564952703,2.755174387,2.6935379785,2.4459597139,0.0188906567,0.0044947096
2.2502202286,1.5237218323,-1.8753439252,-2.8572714614,2.7547565172,2.6942962803,2.4461391915,0.0188906567,0.0044947096
2.2517427941,1.5239087782,-1.8755997965,-2.8580460114,2.7543382753,2.6950562734,2.446319002,0.0188906567,0.0044947096
2.2532653644,1.5240953957,-1.8758553559,-2.8588190134,2.7539196796,2.6958178619,2.4464991301,0.0188906567,0.0044947096
2.2547879394,1.5242817122,-1.8761106219,-2.8595905665,2.7535007489,2.6965809439,2.4466795592,0.0188906567,0.0044947096
2.2563105191,1.5244677577,-1.8763656139,-2.8603607756,2.7530815032,2.6973454111,2.4468602725,0.0188906567,0.0044947096
2.2578331031,1.5246535643,-1.8766203522,-2.8611297509,2.7526619628,2.6981111501,2.4470412527,0.0188906567,0.0044947096
2.2593556913,1.5248391666,-1.8768748578,-2.8618976069,2.7522421488,2.6988780427,2.4472224822,0.0188906567,0.0044947096
2.260878283,1.5250246013,-1.8771291526,-2.8626644614,2.7518220824,2.6996459671,2.4474039432,0.0188906567,0.0044947096
2.2624008776,1.5252099063,-1.8773832585,-2.8634304347,2.7514017848,2.7004147991,2.4475856181,0.0188906567,0.0044947096
2.2639234743,1.5253951209,-1.8776371974,-2.8641956468,2.750981277,2.7011844141,2.4477674896,0.0188906567,0.0044947096
2.265446072,1.5255802841,-1.8778909909,-2.8649602158,2.7505605795,2.7019546897,2.4479495411,0.0188906567,0.0044947096
2.2669686692,1.5257654338,-1.8781446592,-2.8657242534,2.7501397113,2.7027255093,2.448131757,0.0188906567,0.0044947096
2.2684912643,1.5259506051,-1.8783982204,-2.8664878611,2.7497186897,2.703496767,2.4483141237,0.0188906567,0.0044947096
2.2700138548,1.5261358271,-1.8786516897,-2.8672511227,2.7492975289,2.7042683738,2.4484966297,0.0188906567,0.0044947096
2.2715364382,1.5263211204,-1.8789050772,-2.8680140964,2.7488762392,2.7050402674,2.4486792672,0.0188906567,0.0044947096
2.2730590132,1.5265064932,-1.8791583871,-2.8687768077,2.7484548252,2.7058124202,2.4488620325,0.0188906567,0.0044947096
2.2745815792,1.52669194,-1.8794116172,-2.8695392449,2.7480332857,2.7065848432,2.4490449266,0.0188906567,0.0044947096
2.2761041365,1.5268774417,-1.8796647591,-2.8703013618,2.7476116137,2.7073575847,2.4492279546,0.0188906567,0.0044947096
2.2776266864,1.5270629678,-1.8799177991,-2.8710630833,2.7471897982,2.708130723,2.4494111251,0.0188906567,0.0044947096
2.2791492308,1.5272484799,-1.8801707204,-2.8718243151,2.7467678253,2.708904357,2.4495944484,0.0188906567,0.0044947096
2.2806717716,1.527433935,-1.8804235046,-2.8725849528,2.7463456798,2.7096785962,2.4497779358,0.0188906567,0.0044947096
2.282194311,1.5276192888,-1.8806761326,-2.8733448898,2.7459233465,2.7104535522,2.4499615986,0.0188906567,0.0044947096
2.2837168506,1.527804498,-1.8809285865,-2.874104023,2.7455008109,2.7112293329,2.4501454472,0.0188906567,0.0044947096
2.2852393919,1.5279895213,-1.8811808494,-2.8748622561,2.7450780601,2.7120060389,2.4503294912,0.0188906567,0.0044947096
2.2867619362,1.528174321,-1.881432906,-2.8756195012,2.7446550823,2.7127837619,2.4505137389,0.0188906567,0.0044947096
2.2882844844,1.5283588622,-1.8816847427,-2.8763756791,2.7442318675,2.7135625843,2.4506981974,0.0188906567,0.0044947096
2.2898070372,1.5285431137,-1.8819363472,-2.8771307191,2.7438084067,2.7143425796,2.450882873,0.0188906567,0.0044947096
2.291329595,1.528727047,-1.8821877089,-2.8778845584,2.7433846925,2.715123813,2.4510677708,0.0188906567,0.0044947096
2.2928521584,1.5289106367,-1.8824388183,-2.878637141,2.7429607183,2.7159063425,2.4512528953,0.0188906567,0.0044947096
2.2943747288,1.5290938597,-1.8826896672,-2.8793884174,2.7425364779,2.7166902205,2.4514382504,0.0188906567,0.0044947096
2.295897275,1.5292766918,-1.8829402431,-2.8801383287,2.7421119756,2.717475476,2.4516238353,0.0188906567,0.0044947096
2.2974195922,1.529459092,-1.8831905073,-2.8808867425,2.7416872657,2.7182620357,2.4518096264,0.0188906567,0.0044947096
2.2989413683,1.5296410105,-1.8834404051,-2.8816334829,2.741262434,2.7190497613,2.451995586,0.0188906567,0.0044947096
2.3004623054,1.5298224005,-1.883689885,-2.8823783852,2.7408375627,2.719838518,2.4521816778,0.0188906567,0.0044947096
2.3019821051,1.5300032167,-1.8839388957,-2.8831212876,2.7404127347,2.7206281671,2.452367865,0.0188906567,0.0044947096
2.3035004722,1.5301834157,-1.8841873872,-2.8838620327,2.7399880324,2.7214185686,2.452554111,0.0188906567,0.0044947096
2.3050171137,1.5303629549,-1.8844353102,-2.8846004665,2.7395635376,2.7222095817,2.4527403792,0.0188906567,0.0044947096
2.3065317394,1.530541793,-1.8846826158,-2.8853364375,2.7391393319,2.7230010652,2.4529266335,0.0188906567,0.0044947096
2.308044061,1.5307198894,-1.884929256,-2.8860697966,2.738715496,2.7237928781,2.4531128376,0.0188906567,0.0044947096
2.3095537925,1.5308972042,-1.8851751831,-2.8868003963,2.7382921102,2.7245848796,2.4532989559,0.0188906567,0.0044947096
2.3110606502,1.531073698,-1.8854203498,-2.8875280906,2.7378692543,2.7253769298,2.4534849526,0.0188906567,0.0044947096
2.312564352,1.5312493317,-1.8856647091,-2.8882527344,2.7374470074,2.7261688899,2.4536707926,0.0188906567,0.0044947096
2.3140646178,1.5314240662,-1.8859082143,-2.888974183,2.7370254481,2.7269606221,2.4538564409,0.0188906567,0.0044947096
2.3155611694,1.5315978628,-1.8861508188,-2.8896922923,2.7366046543,2.7277519903,2.4540418628,0.0188906567,0.0044947096
2.3170537298,1.5317706824,-1.8863924761,-2.8904069178,2.7361847033,2.72854286,2.454227024,0.0188906567,0.0044947096
2.3185420238,1.531942486,-1.8866331397,-2.8911179149,2.7357656718,2.7293330987,2.4544118904,0.0188906567,0.0044947096
2.3200257774,1.5321132339,-1.8868727633,-2.8918251383,2.7353476362,2.7301225759,2.4545964285,0.0188906567,0.0044947096
2.3215047182,1.5322828863,-1.8871113002,-2.8925284415,2.7349306717,2.7309111634,2.4547806048,0.0188906567,0.0044947096
2.3229785747,1.5324514027,-1.8873487039,-2.8932276771,2.7345148535,2.7316987356,2.4549643865,0.0188906567,0.0044947096
2.3244470765,1.5326187419,-1.8875849274,-2.893922696,2.7341002559,2.7324851694,2.4551477409,0.0188906567,0.0044947096
2.3259099544,1.5327848619,-1.8878199237,-2.8946133475,2.7336869525,2.7332703445,2.4553306357,0.0188906567,0.0044947096
2.3273669399,1.5329497199,-1.8880536453,-2.8952994788,2.7332750166,2.7340541439,2.4555130392,0.0188906567,0.0044947096
2.3288177658,1.5331132721,-1.8882860447,-2.8959809348,2.7328645207,2.7348364537,2.4556949198,0.0188906567,0.0044947096
2.3302621665,1.5332754735,-1.8885170739,-2.8966575586,2.7324555364,2.735617164,2.4558762464,0.0188906567,0.0044947096
2.3316998798,1.5334362782,-1.8887466851,-2.8973291919,2.7320481341,2.7363961694,2.4560569888,0.0188906567,0.0044947096
2.3331306458,1.5335956394,-1.8889748302,-2.8979956744,2.7316423831,2.7371733694,2.4562371172,0.0188906567,0.0044947096
2.3345542072,1.5337535091,-1.8892014613,-2.8986568443,2.7312383517,2.7379486672,2.4564166022,0.0188906567,0.0044947096
2.3359703087,1.5339098384,-1.8894265302,-2.8993125384,2.7308361075,2.7387219697,2.4565954148,0.0188906567,0.0044947096
2.3373786963,1.5340645775,-1.8896499887,-2.8999625928,2.7304357178,2.739493186,2.4567735262,0.0188906567,0.0044947096
2.3387791174,1.5342176764,-1.8898717892,-2.9006068443,2.7300372494,2.7402622258,2.4569509076,0.0188906567,0.0044947096
2.3401713208,1.5343690855,-1.8900918844,-2.9012451323,2.7296407697,2.7410289974,2.4571275296,0.0188906567,0.0044947096
2.3415550562,1.5345187569,-1.8903102284,-2.9018773019,2.7292463465,2.7417934043,2.4573033621,0.0188906567,0.0044947096
2.3429300741,1.5346666459,-1.8905267772,-2.9025032084,2.7288540492,2.7425553405,2.4574783738,0.0188906567,0.0044947096
2.3442961267,1.5348127132,-1.89074149,-2.9031227236,2.7284639496,2.7433146845,2.4576525314,0.0188906567,0.0044947096
2.3456529659,1.5349569289,-1.8909543303,-2.9037357433,2.728076123,2.7440712899,2.4578257985,0.0188906567,0.0044947096
2.3470003436,1.5350992748,-1.8911652675,-2.9043421953,2.7276906497,2.7448249776,2.4579981348,0.0188906567,0.0044947096
2.3483380109,1.5352397463,-1.8913742773,-2.904942042,2.7273076156,2.7455755316,2.4581694962,0.0188906567,0.0044947096
2.349665718,1.5353783523,-1.8915813411,-2.9055352791,2.7269271112,2.7463227013,2.4583398344,0.0188906567,0.0044947096
2.3509832146,1.5355151126,-1.891786445,-2.9061219286,2.726549231,2.7470662082,2.4585090989,0.0188906567,0.0044947096
2.35229025,1.5356500548,-1.891989578,-2.9067020299,2.7261740716,2.7478057554,2.4586772372,0.0188906567,0.0044947096
2.3535865736,1.5357832102,-1.8921907304,-2.9072756304,2.7258017305,2.7485410382,2.4588441966,0.0188906567,0.0044947096
2.3548719348,1.5359146114,-1.8923898925,-2.907842777,2.7254323043,2.7492717521,2.4590099251,0.0188906567,0.0044947096
2.3561460833,1.5360442892,-1.8925870532,-2.908403511,2.7250658886,2.7499975988,2.4591743716,0.0188906567,0.0044947096
2.3574087695,1.5361722718,-1.8927821999,-2.9089578646,2.724702577,2.7507182899,2.4593374867,0.0188906567,0.0044947096
2.3586597438,1.5362985835,-1.8929753178,-2.9095058592,2.7243424609,2.7514335485,2.4594992226,0.0188906567,0.0044947096
2.3598987574,1.5364232448,-1.8931663902,-2.910047505,2.7239856302,2.7521431094,2.4596595329,0.0188906567,0.0044947096
2.3611255615,1.5365462725,-1.8933553984,-2.9105828014,2.7236321724,2.7528467192,2.4598183731,0.0188906567,0.0044947096
2.362339908,1.5366676792,-1.8935423217,-2.9111117377,2.7232821736,2.7535441351,2.4599756995,0.0188906567,0.0044947096
2.3635415486,1.5367874746,-1.8937271379,-2.9116342938,2.7229357181,2.7542351241,2.4601314702,0.0188906567,0.0044947096
2.3647302343,1.5369056648,-1.8939098231,-2.9121504407,2.7225928894,2.7549194612,2.4602856436,0.0188906567,0.0044947096
2.3659057489,1.5370222568,-1.8940903569,-2.9126601569,2.7222537604,2.7555969476,2.4604381839,0.0188906567,0.0044947096
2.3670680497,1.5371372732,-1.8942687452,-2.913163492,2.7219183532,2.7562674888,2.4605890777,0.0188906567,0.0044947096
2.3682172018,1.5372507453,-1.8944450091,-2.9136605367,2.721586658,2.7569310578,2.4607383267,0.0188906567,0.0044947096
2.3693532557,1.5373627003,-1.8946191665,-2.9141513687,2.7212586681,2.7575876264,2.4608859314,0.0188906567,0.0044947096
2.370476263,1.5374731633,-1.8947912341,-2.9146360603,2.7209343758,2.758237173,2.4610318929,0.0188906567,0.0044947096
2.3715862718,1.5375821571,-1.8949612275,-2.9151146774,2.7206137735,2.7588796789,2.4611762127,0.0188906567,0.0044947096
2.3726833282,1.5376897026,-1.8951291611,-2.9155872805,2.7202968538,2.7595151292,2.4613188925,0.0188906567,0.0044947096
2.3737674758,1.5377958189,-1.895295048,-2.9160539253,2.7199836091,2.7601435111,2.4614599338,0.0188906567,0.0044947096
2.3748387562,1.5379005235,-1.8954589006,-2.916514663,2.7196740321,2.7607648142,2.4615993387,0.0188906567,0.0044947096
2.3758972088,1.5380038326,-1.8956207303,-2.9169695411,2.7193681157,2.7613790303,2.4617371089,0.0188906567,0.0044947096
2.3769428708,1.5381057612,-1.8957805479,-2.9174186033,2.7190658529,2.7619861523,2.4618732465,0.0188906567,0.0044947096
2.3779757779,1.5382063231,-1.8959383633,-2.9178618903,2.7187672371,2.7625861747,2.4620077534,0.0188906567,0.0044947096
2.3789959637,1.5383055309,-1.8960941858,-2.91829944,2.7184722616,2.7631790931,2.4621406315,0.0188906567,0.0044947096
2.3800034605,1.5384033967,-1.8962480242,-2.9187312875,2.7181809202,2.7637649043,2.4622718829,0.0188906567,0.0044947096
2.3809982987,1.5384999315,-1.8963998865,-2.9191574656,2.7178932067,2.7643436056,2.4624015094,0.0188906567,0.0044947096
2.3819805074,1.5385951455,-1.8965497805,-2.9195780051,2.7176091152,2.7649151953,2.462529513,0.0188906567,0.0044947096
2.3829501146,1.5386890483,-1.8966977135,-2.9199929345,2.7173286399,2.7654796722,2.4626558955,0.0188906567,0.0044947096
2.3839071466,1.538781649,-1.8968436922,-2.920402281,2.7170517753,2.7660370358,2.4627806589,0.0188906567,0.0044947096
2.384851629,1.5388729559,-1.8969877231,-2.9208060698,2.716778516,2.766587286,2.4629038049,0.0188906567,0.0044947096
2.3857835859,1.5389629769,-1.8971298122,-2.9212043246,2.7165088568,2.7671304231,2.4630253354,0.0188906567,0.0044947096
2.386703041,1.5390517194,-1.8972699654,-2.921597068,2.7162427927,2.7676664481,2.4631452522,0.0188906567,0.0044947096
2.3876100166,1.5391391904,-1.8974081882,-2.9219843213,2.7159803186,2.768195362,2.463263557,0.0188906567,0.0044947096
2.3885045343,1.5392253965,-1.8975444858,-2.9223661043,2.7157214298,2.7687171663,2.4633802515,0.0188906567,0.0044947096
2.3893866136,1.5393103438,-1.8976788628,-2.9227424357,2.715466122,2.7692318619,2.4634953373,0.0188906567,0.0044947096
2.3902562713,1.5393940377,-1.8978113236,-2.9231133319,2.7152143917,2.7697394489,2.4636088156,0.0188906567,0.0044947096
2.3911135213,1.5394764834,-1.8979418719,-2.9234788079,2.7149662359,2.7702399263,2.4637206874,0.0188906567,0.0044947096
2.3919583754,1.5395576854,-1.898070511,-2.9238388772,2.7147216525,2.7707332923,2.4638309532,0.0188906567,0.0044947096
2.3927908436,1.5396376481,-1.8981972437,-2.9241935518,2.7144806396,2.7712195444,2.4639396137,0.0188906567,0.0044947096
2.3936109344,1.5397163754,-1.8983220727,-2.9245428431,2.7142431957,2.77169868,2.4640466693,0.0188906567,0.0044947096
2.394418655,1.539793871,-1.8984450004,-2.9248867612,2.7140093198,2.7721706958,2.46415212,0.0188906567,0.0044947096
2.3952140117,1.5398701384,-1.8985660289,-2.9252253156,2.7137790108,2.7726355886,2.4642559662,0.0188906567,0.0044947096
2.39599701,1.5399451808,-1.8986851603,-2.9255585151,2.713552268,2.7730933548,2.4643582078,0.0188906567,0.0044947096
2.3967676546,1.5400190012,-1.8988023962,-2.9258863679,2.713329091,2.7735439909,2.4644588448,0.0188906567,0.0044947096
2.3975259496,1.5400916024,-1.8989177385,-2.9262088817,2.7131094793,2.7739874933,2.4645578773,0.0188906567,0.0044947096
2.3982718986,1.5401629873,-1.8990311885,-2.9265260635,2.7128934327,2.7744238582,2.4646553052,0.0188906567,0.0044947096
2.3990055048,1.5402331583,-1.8991427479,-2.9268379201,2.7126809508,2.7748530821,2.4647511283,0.0188906567,0.0044947096
2.3997267708,1.5403021179,-1.8992524178,-2.9271444577,2.7124720336,2.7752751612,2.4648453465,0.0188906567,0.0044947096
2.4004356991,1.5403698682,-1.8993601994,-2.9274456822,2.712266681,2.7756900918,2.4649379597,0.0188906567,0.0044947096
2.4011322914,1.5404364116,-1.899466094,-2.9277415991,2.7120648932,2.7760978703,2.4650289676,0.0188906567,0.0044947096
2.4018165493,1.5405017499,-1.8995701024,-2.9280322135,2.7118666702,2.7764984931,2.4651183699,0.0188906567,0.0044947096
2.4024884742,1.5405658852,-1.8996722258,-2.9283175301,2.7116720124,2.7768919563,2.4652061665,0.0188906567,0.0044947096
2.4031480667,1.5406288192,-1.8997724648,-2.9285975535,2.7114809198,2.7772782564,2.4652923571,0.0188906567,0.0044947096
2.4037953273,1.5406905536,-1.8998708202,-2.9288722876,2.7112933931,2.7776573896,2.4653769413,0.0188906567,0.0044947096
2.4044302561,1.5407510901,-1.8999672928,-2.9291417362,2.7111094325,2.7780293519,2.4654599189,0.0188906567,0.0044947096
2.4050528527,1.54081043,-1.900061883,-2.9294059028,2.7109290387,2.7783941397,2.4655412893,0.0188906567,0.0044947096
2.4056631162,1.5408685747,-1.9001545914,-2.9296647904,2.7107522124,2.7787517488,2.4656210521,0.0188906567,0.0044947096
2.4062610455,1.5409255256,-1.9002454184,-2.9299184018,2.7105789544,2.7791021751,2.465699207,0.0188906567,0.0044947096
2.4068466388,1.5409812837,-1.9003343642,-2.9301667393,2.7104092656,2.7794454144,2.4657757533,0.0188906567,0.0044947096
2.4074198936,1.5410358502,-1.900421429,-2.930409805,2.710243147,2.7797814623,2.4658506905,0.0188906567,0.0044947096
2.4079808072,1.541089226,-1.9005066128,-2.9306476005,2.7100805999,2.780110314,2.4659240179,0.0188906567,0.0044947096
2.4085293761,1.5411414119,-1.9005899157,-2.9308801271,2.7099216256,2.7804319647,2.4659957349,0.0188906567,0.0044947096
2.409065596,1.5411924087,-1.9006713375,-2.9311073858,2.7097662257,2.7807464091,2.4660658405,0.0188906567,0.0044947096
2.4095894622,1.541242217,-1.9007508778,-2.9313293769,2.709614402,2.7810536419,2.4661343339,0.0188906567,0.0044947096
2.4101009688,1.5412908372,-1.9008285363,-2.9315461006,2.7094661563,2.7813536571,2.4662012142,0.0188906567,0.0044947096
2.4106001094,1.5413382699,-1.9009043123,-2.9317575563,2.709321491,2.7816464485,2.4662664802,0.0188906567,0.0044947096
2.4110868764,1.5413845151,-1.9009782052,-2.9319637432,2.7091804084,2.7819320094,2.4663301309,0.0188906567,0.0044947096
2.4115612612,1.5414295731,-1.9010502139,-2.9321646598,2.7090429114,2.7822103324,2.4663921647,0.0188906567,0.0044947096
2.4120232542,1.5414734438,-1.9011203374,-2.9323603041,2.708909003,2.7824814098,2.4664525804,0.0188906567,0.0044947096
2.4124728442,1.541516127,-1.9011885744,-2.9325506734,2.7087786867,2.7827452329,2.4665113762,0.0188906567,0.0044947096
2.4129100187,1.5415576224,-1.9012549233,-2.9327357643,2.7086519663,2.7830017924,2.4665685503,0.0188906567,0.0044947096
2.4133347635,1.5415979293,-1.9013193822,-2.9329155726,2.7085288464,2.7832510781,2.4666241007,0.0188906567,0.0044947096
2.4137470624,1.5416370471,-1.901381949,-2.9330900935,2.7084093316,2.7834930785,2.466678025,0.0188906567,0.0044947096
2.4141468971,1.5416749748,-1.9014426213,-2.9332593207,2.7082934277,2.7837277811,2.4667303209,0.0188906567,0.0044947096
2.4145342466,1.541711711,-1.9015013962,-2.9334232472,2.7081811409,2.783955172,2.4667809852,0.0188906567,0.0044947096
2.4149090869,1.5417472542,-1.9015582702,-2.9335818643,2.7080724784,2.7841752352,2.4668300149,0.0188906567,0.0044947096
2.4152713907,1.5417816026,-1.9016132396,-2.9337351622,2.7079674482,2.7843879532,2.466877406,0.0188906567,0.0044947096
2.4156211274,1.5418147538,-1.9016663,-2.9338831295,2.7078660595,2.7845933064,2.4669231546,0.0188906567,0.0044947096
2.4159582649,1.5418467054,-1.9017174468,-2.934025754,2.7077683217,2.7847912744,2.4669672562,0.0188906567,0.0044947096
2.4162827823,1.5418774561,-1.9017666769,-2.9341630283,2.7076742412,2.7849818434,2.4670097079,0.0188906567,0.0044947096
2.4165947442,1.5419070126,-1.9018140006,-2.9342949811,2.7075837992,2.7851650501,2.4670505182,0.0188906567,0.0044947096
2.4168943833,1.5419353974,-1.9018594532,-2.9344217118,2.7074969286,2.7853410301,2.4670897173,0.0188906567,0.0044947096
2.4171819406,1.5419626337,-1.9019030715,-2.9345433234,2.7074135595,2.7855099238,2.4671273368,0.0188906567,0.0044947096
2.4174576619,1.5419887452,-1.9019448929,-2.9346599206,2.7073336208,2.7856718747,2.4671634086,0.0188906567,0.0044947096
2.417721793,1.5420137556,-1.9019849548,-2.9347716085,2.7072570414,2.7858270262,2.4671979648,0.0188906567,0.0044947096
2.4179745797,1.5420376884,-1.9020232948,-2.9348784917,2.7071837501,2.785975522,2.4672310375,0.0188906567,0.0044947096
2.4182162679,1.5420605674,-1.9020599502,-2.934980675,2.7071136757,2.7861175054,2.4672626589,0.0188906567,0.0044947096
2.4184471034,1.5420824161,-1.9020949585,-2.9350782632,2.707046747,2.7862531203,2.467292861,0.0188906567,0.0044947096
2.4186673321,1.5421032581,-1.902128357,-2.9351713608,2.7069828929,2.7863825103,2.4673216759,0.0188906567,0.0044947096
2.4188771999,1.5421231171,-1.9021601833,-2.9352600727,2.7069220421,2.786505819,2.4673491356,0.0188906567,0.0044947096
2.4190769528,1.5421420164,-1.9021904746,-2.9353445033,2.7068641234,2.7866231905,2.4673752725,0.0188906567,0.0044947096
2.4192668368,1.5421599798,-1.9022192684,-2.9354247574,2.7068090655,2.7867347685,2.4674001185,0.0188906567,0.0044947096
2.4194470981,1.5421770308,-1.9022466023,-2.9355009396,2.7067567972,2.7868406971,2.4674237058,0.0188906567,0.0044947096
2.4196179827,1.5421931929,-1.9022725135,-2.9355731545,2.7067072472,2.7869411203,2.4674460666,0.0188906567,0.0044947096
2.4197797371,1.5422084896,-1.9022970395,-2.9356415067,2.706660344,2.7870361823,2.4674672331,0.0188906567,0.0044947096
2.4199326075,1.5422229444,-1.9023202179,-2.935706101,2.7066160164,2.7871260274,2.4674872374,0.0188906567,0.0044947096
2.4200768407,1.542236581,-1.9023420859,-2.9357670419,2.7065741928,2.7872107999,2.4675061118,0.0188906567,0.0044947096
2.4202126831,1.5422494228,-1.9023626813,-2.9358244342,2.7065348019,2.7872906443,2.4675238885,0.0188906567,0.0044947096
2.4203403817,1.5422614933,-1.9023820413,-2.9358783826,2.7064977721,2.7873657053,2.4675405998,0.0188906567,0.0044947096
2.4204601833,1.5422728161,-1.9024002037,-2.9359289919,2.7064630319,2.7874361275,2.4675562779,0.0188906567,0.0044947096
2.4205723353,1.5422834148,-1.9024172058,-2.9359763669,2.7064305096,2.7875020558,2.4675709551,0.0188906567,0.0044947096
2.420677085,1.5422933128,-1.9024330853,-2.9360206126,2.7064001335,2.7875636353,2.4675846639,0.0188906567,0.0044947096
2.42077468,1.5423025338,-1.9024478798,-2.9360618338,2.7063718319,2.7876210111,2.4675974365,0.0188906567,0.0044947096
2.4208653682,1.5423111012,-1.9024616269,-2.9361001357,2.706345533,2.7876743286,2.4676093054,0.0188906567,0.0044947096
2.4209493976,1.5423190388,-1.9024743643,-2.9361356233,2.7063211647,2.7877237333,2.467620303,0.0188906567,0.0044947096
2.4210270168,1.5423263701,-1.9024861297,-2.936168402,2.7062986553,2.787769371,2.4676304617,0.0188906567,0.0044947096
2.4210984745,1.5423331187,-1.9024969608,-2.936198577,2.7062779324,2.7878113875,2.4676398143,0.0188906567,0.0044947096
2.4211640197,1.5423393083,-1.9025068956,-2.9362262538,2.706258924,2.7878499291,2.4676483931,0.0188906567,0.0044947096
2.421223902,1.5423449625,-1.9025159717,-2.9362515381,2.7062415577,2.7878851422,2.4676562308,0.0188906567,0.0044947096
2.4212783713,1.5423501051,-1.9025242273,-2.9362745356,2.706225761,2.7879171735,2.4676633602,0.0188906567,0.0044947096
2.421327678,1.5423547598,-1.9025317001,-2.9362953524,2.7062114614,2.78794617,2.467669814,0.0188906567,0.0044947096
2.421372073,1.5423589504,-1.9025384284,-2.9363140944,2.7061985862,2.787972279,2.4676756249,0.0188906567,0.0044947096
2.4214118077,1.5423627007,-1.9025444502,-2.9363308682,2.7061870623,2.7879956481,2.467680826,0.0188906567,0.0044947096
2.4214471342,1.5423660346,-1.9025498039,-2.9363457803,2.7061768169,2.7880164255,2.4676854501,0.0188906567,0.0044947096
2.4214783053,1.5423689761,-1.9025545276,-2.9363589377,2.7061677765,2.7880347596,2.4676895303,0.0188906567,0.0044947096
2.4215055745,1.5423715491,-1.90255866,-2.9363704474,2.7061598677,2.7880507992,2.4676930998,0.0188906567,0.0044947096
2.4215291962,1.5423737777,-1.9025622395,-2.9363804171,2.7061530167,2.788064694,2.467696192,0.0188906567,0.0044947096
2.4215494257,1.542375686,-1.902565305,-2.9363889547,2.7061471495,2.7880765939,2.4676988401,0.0188906567,0.0044947096
2.4215665196,1.5423772984,-1.9025678952,-2.9363961685,2.7061421917,2.7880866496,2.4677010778,0.0188906567,0.0044947096
2.4215807353,1.5423786392,-1.9025700492,-2.9364021673,2.7061380686,2.7880950125,2.4677029387,0.0188906567,0.0044947096
2.421592332,1.5423797329,-1.9025718063,-2.9364070608,2.7061347051,2.788101835,2.4677044569,0.0188906567,0.0044947096
2.4216015702,1.542380604,-1.9025732061,-2.9364109588,2.7061320256,2.7881072702,2.4677056663,0.0188906567,0.0044947096
2.4216087126,1.5423812774,-1.9025742882,-2.9364139723,2.706129954,2.7881114725,2.4677066013,0.0188906567,0.0044947096
2.4216140236,1.5423817781,-1.9025750929,-2.936416213,2.7061284135,2.7881145975,2.4677072966,0.0188906567,0.0044947096
2.4216177705,1.5423821313,-1.9025756605,-2.9364177937,2.7061273267,2.7881168022,2.4677077871,0.0188906567,0.0044947096
2.4216202234,1.5423823625,-1.9025760321,-2.9364188284,2.7061266152,2.7881182455,2.4677081083,0.0188906567,0.0044947096
2.4216216555,1.5423824975,-1.9025762491,-2.9364194325,2.7061261998,2.7881190883,2.4677082958,0.0188906567,0.0044947096
2.4216223435,1.5423825623,-1.9025763533,-2.9364197227,2.7061260003,2.7881194932,2.4677083858,0.0188906567,0.0044947096
2.4216225654,1.5423825832,-1.9025763869,-2.9364198163,2.7061259359,2.7881196238,2.4677084149,0.0188906567,0.0044947096
2.4216225882,1.5423825854,-1.9025763904,-2.9364198259,2.7061259293,2.7881196372,2.4677084179,0.0188906567,0.0044947096
2.4216225929,1.5423825858,-1.9025763911,-2.9364198279,2.7061259279,2.78811964,2.4677084185,0.0188906567,0.0044947096
2.4216225929,1.5423825858,-1.9025763911,-2.9364198279,2.7061259279,2.78811964,2.4677084185,0.0188906567,0.0044947096
2.4216225929,1.5423825858,-1.9025763911,-2.9364198279,2.7061259279,2.78811964,2.4677084185,0.0188906567,0.0044947096
2.4216225929,1.5423825858,-1.9025763911,-2.9364198279,2.7061259279,2.78811964,2.4677084185,0.0188906567,0.0044947096
2.4216225929,1.5423825858,-1.9025763911,-2.9364198279,2.7061259279,2.78811964,2.4677084185,0.0188906567,0.0044947096
2.4216225929,1.5423825858,-1.9025763911,-2.9364198279,2.7061259279,2.78811964,2.4677084185,0.0188906567,0.0044947096
2.4216225929,1.5423825858,-1.9025763911,-2.9364198279,2.7061259279,2.78811964,2.4677084185,0.0188906567,0.0044947096
2.4216225929,1.5423825858,-1.9025763911,-2.9364198279,2.7061259279,2.78811964,2.4677084185,0.0188906567,0.0044947096
2.4216225929,1.5423825858,-1.9025763911,-2.9364198279,2.7061259279,2.78811964,2.4677084185,0.0188906567,0.0044947096
2.4216225929,1.5423825858,-1.9025763911,-2.9364198279,2.7061259279,2.78811964,2.4677084185,0.0188906567,0.0044947096
2.4216225929,1.5423825858,-1.9025763911,-2.9364198279,2.7061259279,2.78811964,2.4677084185,0.0188906567,0.0044947096
2.4216225929,1.5423825858,-1.9025763911,-2.9364198279,2.7061259279,2.78811964,2.4677084185,0.0188906567,0.0044947096
2.4216225929,1.5423825858,-1.9025763911,-2.9364198279,2.7061259279,2.78811964,2.4677084185,0.0188906567,0.0044947096
2.4216225929,1.5423825858,-1.9025763911,-2.9364198279,2.7061259279,2.78811964,2.4677084185,0.0188906567,0.0044947096
2.4216225929,1.5423825858,-1.9025763911,-2.9364198279,2.7061259279,2.78811964,2.4677084185,0.0188906567,0.0044947096
2.4216225929,1.5423825858,-1.9025763911,-2.9364198279,2.7061259279,2.78811964,2.4677084185,0.0188906567,0.0044947096
2.4216225929,1.5423825858,-1.9025763911,-2.9364198279,2.7061259279,2.78811964,2.4677084185,0.0188906567,0.0044947096
2.4216225929,1.5423825858,-1.9025763911,-2.9364198279,2.7061259279,2.78811964,2.4677084185,0.0188906567,0.0044947096
2.4216225929,1.5423825858,-1.9025763911,-2.9364198279,2.7061259279,2.78811964,2.4677084185,0.0188906567,0.0044947096
2.4216225929,1.5423825858,-1.9025763911,-2.9364198279,2.7061259279,2.78811964,2.4677084185,0.0188906567,0.0044947096
2.4216225929,1.5423825858,-1.9025763911,-2.9364198279,2.7061259279,2.78811964,2.4677084185,0.0188906567,0.0044947096
2.4216225929,1.5423825858,-1.9025763911,-2.9364198279,2.7061259279,2.78811964,2.4677084185,0.0188906567,0.0044947096
2.4216225929,1.5423825858,-1.9025763911,-2.9364198279,2.7061259279,2.78811964,2.4677084185,0.0188906567,0.0044947096
2.4216225929,1.5423825858,-1.9025763911,-2.9364198279,2.7061259279,2.78811964,2.4677084185,0.0188906567,0.0044947096
2.4216225929,1.5423825858,-1.9025763911,-2.9364198279,2.7061259279,2.78811964,2.4677084185,0.0188906567,0.0044947096
2.4216225929,1.5423825858,-1.9025763911,-2.9364198279,2.7061259279,2.78811964,2.4677084185,0.0188906567,0.0044947096
2.4216225929,1.5423825858,-1.9025763911,-2.9364198279,2.7061259279,2.78811964,2.4677084185,0.0188906567,0.0044947096
2.4216225929,1.5423825858,-1.9025763911,-2.9364198279,2.7061259279,2.78811964,2.4677084185,0.0188906567,0.0044947096
2.4216225929,1.5423825858,-1.9025763911,-2.9364198279,2.7061259279,2.78811964,2.4677084185,0.0188906567,0.0044947096
